action_id	register_row_on_main	file	export	posted_to	fdcdb425_anon	fdcdb425_child	fdcdb425_parent	fdcdb425_admin	staleness	stale_because	bc147c76_anon	bc147c76_child	bc147c76_parent	bc147c76_admin	rerun_changed
ACTION-A1ED72ED6D21	⬜ NOT STARTED	app/(app)/account/actions.ts	closeAccountAction	/kids	BLOCKED (307 to /login)	REFUSED (refusal in result)	RETURNED (a value)	RETURNED (a value)	current						
ACTION-95CB46C9F1D4	⬜ NOT STARTED	app/(app)/account/actions.ts	reopenAccountAction	/kids	BLOCKED (307 to /login)	REFUSED (refusal in result)	RETURNED (a value)	RETURNED (a value)	current						
ACTION-0D0863DB430B	⬜ NOT STARTED	app/(app)/actions.ts	setActiveFamilyAction	/home	BLOCKED (307 to /login)	REFUSED (refusal in result)	REFUSED (refusal in result)	REFUSED (refusal in result)	stale	lib/constants/dashboards.ts	BLOCKED (307 to /login)	REFUSED (refusal in result)	REFUSED (refusal in result)	REFUSED (refusal in result)	no
ACTION-8C7A2BA78A66	⬜ NOT STARTED	app/(app)/actions.ts	setDefaultDashboardAction	/home	BLOCKED (307 to /login)	REFUSED (refusal in result)	REFUSED (refusal in result)	REFUSED (refusal in result)	stale	lib/constants/dashboards.ts	BLOCKED (307 to /login)	REFUSED (refusal in result)	REFUSED (refusal in result)	REFUSED (refusal in result)	no
ACTION-42FEA397E048	⬜ NOT STARTED	app/(app)/actions.ts	updateMyProfileAction	/home	BLOCKED (307 to /login)	REFUSED (refusal in result)	REFUSED (refusal in result)	REFUSED (refusal in result)	stale	lib/constants/dashboards.ts	BLOCKED (307 to /login)	REFUSED (refusal in result)	REFUSED (refusal in result)	REFUSED (refusal in result)	no
ACTION-5E0CBCAA383B	⬜ NOT STARTED	app/(app)/admin/actions.ts	adminCreateFamilyAction	/admin/users	BLOCKED (307 to /login)	REFUSED (refusal in result)	REFUSED (refusal in result)	REFUSED (threw)	stale	app/(app)/admin/actions.ts	BLOCKED (307 to /login)	REFUSED (refusal in result)	REFUSED (refusal in result)	REFUSED (threw)	no
ACTION-A0A8D880DCCC	⬜ NOT STARTED	app/(app)/admin/actions.ts	adminCreateUserAction	/admin/users	BLOCKED (307 to /login)	REFUSED (refusal in result)	REFUSED (refusal in result)	REFUSED (threw)	stale	app/(app)/admin/actions.ts	BLOCKED (307 to /login)	REFUSED (refusal in result)	REFUSED (refusal in result)	REFUSED (threw)	no
ACTION-A6C51AE39D61	⬜ NOT STARTED	app/(app)/admin/actions.ts	adminDeleteDocumentAction	/admin/users	BLOCKED (307 to /login)	REFUSED (refusal in result)	REFUSED (refusal in result)	REFUSED (refusal in result)	stale	app/(app)/admin/actions.ts	BLOCKED (307 to /login)	REFUSED (refusal in result)	REFUSED (refusal in result)	REFUSED (refusal in result)	no
ACTION-C6D239741E62	⬜ NOT STARTED	app/(app)/admin/actions.ts	adminGetDocumentUrlAction	/admin/users	BLOCKED (307 to /login)	REFUSED (refusal in result)	REFUSED (refusal in result)	REFUSED (threw)	stale	app/(app)/admin/actions.ts	BLOCKED (307 to /login)	REFUSED (refusal in result)	REFUSED (refusal in result)	REFUSED (threw)	no
ACTION-EB625E046D14	⬜ NOT STARTED	app/(app)/admin/actions.ts	adminRemoveMemberAction	/admin/users	BLOCKED (307 to /login)	REFUSED (refusal in result)	REFUSED (refusal in result)	REFUSED (refusal in result)	stale	app/(app)/admin/actions.ts	BLOCKED (307 to /login)	REFUSED (refusal in result)	REFUSED (refusal in result)	REFUSED (refusal in result)	no
ACTION-DCCA3CE5F795	⬜ NOT STARTED	app/(app)/admin/actions.ts	adminResendInviteAction	/admin/users	BLOCKED (307 to /login)	REFUSED (refusal in result)	REFUSED (refusal in result)	REFUSED (refusal in result)	stale	app/(app)/admin/actions.ts	BLOCKED (307 to /login)	REFUSED (refusal in result)	REFUSED (refusal in result)	REFUSED (refusal in result)	no
ACTION-EFA7ACE65F64	⬜ NOT STARTED	app/(app)/admin/actions.ts	adminRevokeInviteAction	/admin/users	BLOCKED (307 to /login)	REFUSED (refusal in result)	REFUSED (refusal in result)	REFUSED (refusal in result)	stale	app/(app)/admin/actions.ts	BLOCKED (307 to /login)	REFUSED (refusal in result)	REFUSED (refusal in result)	REFUSED (refusal in result)	no
ACTION-00F500AE8E65	⬜ NOT STARTED	app/(app)/admin/actions.ts	adminSendPasswordResetAction	/admin/users	BLOCKED (307 to /login)	REFUSED (refusal in result)	REFUSED (refusal in result)	REFUSED (refusal in result)	stale	app/(app)/admin/actions.ts	BLOCKED (307 to /login)	REFUSED (refusal in result)	REFUSED (refusal in result)	REFUSED (refusal in result)	no
ACTION-E914CCCA9CD9	⬜ NOT STARTED	app/(app)/admin/actions.ts	adminSetFamilyPlanAction	/admin/users	BLOCKED (307 to /login)	REFUSED (refusal in result)	REFUSED (refusal in result)	REFUSED (threw)	stale	app/(app)/admin/actions.ts	BLOCKED (307 to /login)	REFUSED (refusal in result)	REFUSED (refusal in result)	REFUSED (threw)	no
ACTION-7504CAD715C4	⬜ NOT STARTED	app/(app)/admin/actions.ts	adminSetSuperAdminAction	/admin/users	BLOCKED (307 to /login)	REFUSED (refusal in result)	REFUSED (refusal in result)	REFUSED (threw)	stale	app/(app)/admin/actions.ts	BLOCKED (307 to /login)	REFUSED (refusal in result)	REFUSED (refusal in result)	REFUSED (threw)	no
ACTION-120353088DD0	⬜ NOT STARTED	app/(app)/admin/actions.ts	adminSetUserBanAction	/admin/users	BLOCKED (307 to /login)	REFUSED (refusal in result)	REFUSED (refusal in result)	REFUSED (threw)	stale	app/(app)/admin/actions.ts	BLOCKED (307 to /login)	REFUSED (refusal in result)	REFUSED (refusal in result)	REFUSED (threw)	no
ACTION-0EB7DABC5253	⬜ NOT STARTED	app/(app)/admin/actions.ts	adminToggleFeatureFlagAction	/admin/users	BLOCKED (307 to /login)	REFUSED (refusal in result)	REFUSED (refusal in result)	REFUSED (refusal in result)	stale	app/(app)/admin/actions.ts	BLOCKED (307 to /login)	REFUSED (refusal in result)	REFUSED (refusal in result)	REFUSED (refusal in result)	no
ACTION-8881B2A5193B	⬜ NOT STARTED	app/(app)/admin/actions.ts	adminUpdateMemberAction	/admin/users	BLOCKED (307 to /login)	REFUSED (refusal in result)	REFUSED (refusal in result)	REFUSED (threw)	stale	app/(app)/admin/actions.ts	BLOCKED (307 to /login)	REFUSED (refusal in result)	REFUSED (refusal in result)	REFUSED (threw)	no
ACTION-B4CBE245E543	⬜ NOT STARTED	app/(app)/admin/actions.ts	adminUpdateTicketStatusAction	/admin/users	BLOCKED (307 to /login)	REFUSED (refusal in result)	REFUSED (refusal in result)	REFUSED (refusal in result)	stale	app/(app)/admin/actions.ts	BLOCKED (307 to /login)	REFUSED (refusal in result)	REFUSED (refusal in result)	REFUSED (refusal in result)	no
ACTION-B2348A63B8A8	⬜ NOT STARTED	app/(app)/admin/actions.ts	saveStripeSettingsAction	/admin/users	BLOCKED (307 to /login)	REFUSED (refusal in result)	REFUSED (refusal in result)	REFUSED (threw)	stale	app/(app)/admin/actions.ts	BLOCKED (307 to /login)	REFUSED (refusal in result)	REFUSED (refusal in result)	REFUSED (threw)	no
ACTION-35689A210D3C	⬜ NOT STARTED	app/(app)/admin/actions.ts	testStripeConnectionAction	/admin/users	BLOCKED (307 to /login)	REFUSED (refusal in result)	REFUSED (refusal in result)	REFUSED (refusal in result)	stale	app/(app)/admin/actions.ts	BLOCKED (307 to /login)	REFUSED (refusal in result)	REFUSED (refusal in result)	REFUSED (refusal in result)	no
ACTION-333482E00703	⬜ NOT STARTED	app/(app)/admin/admins/actions.ts	activateAdminAction	/admin/admins	BLOCKED (307 to /login)	REFUSED (refusal in result)	REFUSED (refusal in result)	REFUSED (threw)	current						
ACTION-5CDD0AE24E1B	⬜ NOT STARTED	app/(app)/admin/admins/actions.ts	deactivateAdminAction	/admin/admins	BLOCKED (307 to /login)	REFUSED (refusal in result)	REFUSED (refusal in result)	REFUSED (threw)	current						
ACTION-34D740FB66A9	⬜ NOT STARTED	app/(app)/admin/admins/actions.ts	inviteAdminAction	/admin/admins	BLOCKED (307 to /login)	REFUSED (refusal in result)	REFUSED (refusal in result)	REFUSED (threw)	current						
ACTION-E2B252E56FBE	⬜ NOT STARTED	app/(app)/admin/admins/actions.ts	revokeAdminAction	/admin/admins	BLOCKED (307 to /login)	REFUSED (refusal in result)	REFUSED (refusal in result)	REFUSED (threw)	current						
ACTION-64B952BDF516	⬜ NOT STARTED	app/(app)/admin/ai/actions.ts	saveAIConfigAction	/admin/ai	BLOCKED (307 to /login)	REFUSED (refusal in result)	REFUSED (refusal in result)	REFUSED (threw)	current						
ACTION-3AB7DB1EA5AD	⬜ NOT STARTED	app/(app)/admin/ai/actions.ts	testAIConnectionAction	/admin/ai	BLOCKED (307 to /login)	REFUSED (refusal in result)	REFUSED (refusal in result)	RETURNED (a value)	current						
ACTION-2E23B34F2298	⬜ NOT STARTED	app/(app)/admin/benchmarks/actions.ts	setBenchmarksPublicationAction	/admin/benchmarks	BLOCKED (307 to /login)	REFUSED (threw)	REFUSED (threw)	REFUSED (threw)	stale	lib/actions/refusal.ts	BLOCKED (307 to /login)	REFUSED (threw)	REFUSED (threw)	REFUSED (threw)	no
ACTION-BF1211188697	⬜ NOT STARTED	app/(app)/admin/feedback/actions.ts	deleteIdeaAction	/admin/feedback	BLOCKED (307 to /login)	REFUSED (refusal in result)	REFUSED (refusal in result)	REFUSED (threw)	current						
ACTION-F47571EBA445	⬜ NOT STARTED	app/(app)/admin/feedback/actions.ts	markAdminNotificationsReadAction	/admin/feedback	BLOCKED (307 to /login)	REFUSED (refusal in result)	REFUSED (refusal in result)	RETURNED (a value)	current						
ACTION-52BFDCBCFDB2	⬜ NOT STARTED	app/(app)/admin/feedback/actions.ts	postTeamReplyAction	/admin/feedback	BLOCKED (307 to /login)	REFUSED (refusal in result)	REFUSED (refusal in result)	REFUSED (threw)	current						
ACTION-546DCE5B3BE7	⬜ NOT STARTED	app/(app)/admin/feedback/actions.ts	setIdeaPinnedAction	/admin/feedback	BLOCKED (307 to /login)	REFUSED (refusal in result)	REFUSED (refusal in result)	REFUSED (threw)	current						
ACTION-6A2836F4B039	⬜ NOT STARTED	app/(app)/admin/feedback/actions.ts	syncGithubNowAction	/admin/feedback	BLOCKED (307 to /login)	REFUSED (refusal in result)	REFUSED (refusal in result)	RETURNED (a value)	current						
ACTION-E9E50909B33C	⬜ NOT STARTED	app/(app)/admin/feedback/actions.ts	updateIdeaAction	/admin/feedback	BLOCKED (307 to /login)	REFUSED (refusal in result)	REFUSED (refusal in result)	REFUSED (threw)	current						
ACTION-7C64505FA0F1	⬜ NOT STARTED	app/(app)/admin/marketing/actions.ts	addAeoQuestion	/admin/marketing/ads	BLOCKED (307 to /login)	REFUSED (threw)	REFUSED (threw)	REFUSED (threw)	stale	lib/actions/refusal.ts	BLOCKED (307 to /login)	REFUSED (threw)	REFUSED (threw)	REFUSED (threw)	no
ACTION-A0DEE78F196F	⬜ NOT STARTED	app/(app)/admin/marketing/actions.ts	addKeyword	/admin/marketing/ads	BLOCKED (307 to /login)	REFUSED (threw)	REFUSED (threw)	REFUSED (threw)	stale	lib/actions/refusal.ts	BLOCKED (307 to /login)	REFUSED (threw)	REFUSED (threw)	REFUSED (threw)	no
ACTION-B7029FB09B95	⬜ NOT STARTED	app/(app)/admin/marketing/actions.ts	archiveLandingPage	/admin/marketing/ads	BLOCKED (307 to /login)	REFUSED (threw)	REFUSED (threw)	REFUSED (threw)	stale	lib/actions/refusal.ts	BLOCKED (307 to /login)	REFUSED (threw)	REFUSED (threw)	REFUSED (threw)	no
ACTION-480E687C76E5	⬜ NOT STARTED	app/(app)/admin/marketing/actions.ts	archiveSegment	/admin/marketing/ads	BLOCKED (307 to /login)	REFUSED (threw)	REFUSED (threw)	REFUSED (threw)	stale	lib/actions/refusal.ts	BLOCKED (307 to /login)	REFUSED (threw)	REFUSED (threw)	REFUSED (threw)	no
ACTION-74E5D6051F01	⬜ NOT STARTED	app/(app)/admin/marketing/actions.ts	archiveSeoKeyword	/admin/marketing/ads	BLOCKED (307 to /login)	REFUSED (threw)	REFUSED (threw)	REFUSED (threw)	stale	lib/actions/refusal.ts	BLOCKED (307 to /login)	REFUSED (threw)	REFUSED (threw)	REFUSED (threw)	no
ACTION-DDBC5C29D446	⬜ NOT STARTED	app/(app)/admin/marketing/actions.ts	archiveSeoPage	/admin/marketing/ads	BLOCKED (307 to /login)	REFUSED (threw)	REFUSED (threw)	REFUSED (threw)	stale	lib/actions/refusal.ts	BLOCKED (307 to /login)	REFUSED (threw)	REFUSED (threw)	REFUSED (threw)	no
ACTION-D127770344BC	⬜ NOT STARTED	app/(app)/admin/marketing/actions.ts	createAdCampaign	/admin/marketing/ads	BLOCKED (307 to /login)	REFUSED (threw)	REFUSED (threw)	REFUSED (threw)	stale	lib/actions/refusal.ts	BLOCKED (307 to /login)	REFUSED (threw)	REFUSED (threw)	REFUSED (threw)	no
ACTION-A993B70699F8	⬜ NOT STARTED	app/(app)/admin/marketing/actions.ts	createAutomation	/admin/marketing/ads	BLOCKED (307 to /login)	REFUSED (threw)	REFUSED (threw)	REFUSED (threw)	stale	lib/actions/refusal.ts	BLOCKED (307 to /login)	REFUSED (threw)	REFUSED (threw)	REFUSED (threw)	no
ACTION-2435FBF0272E	⬜ NOT STARTED	app/(app)/admin/marketing/actions.ts	createCampaign	/admin/marketing/ads	BLOCKED (307 to /login)	REFUSED (threw)	REFUSED (threw)	REFUSED (threw)	stale	lib/actions/refusal.ts	BLOCKED (307 to /login)	REFUSED (threw)	REFUSED (threw)	REFUSED (threw)	no
ACTION-FBEE42263766	⬜ NOT STARTED	app/(app)/admin/marketing/actions.ts	createContentItem	/admin/marketing/ads	BLOCKED (307 to /login)	REFUSED (threw)	REFUSED (threw)	REFUSED (threw)	stale	lib/actions/refusal.ts	BLOCKED (307 to /login)	REFUSED (threw)	REFUSED (threw)	REFUSED (threw)	no
ACTION-683CAA077264	⬜ NOT STARTED	app/(app)/admin/marketing/actions.ts	createEmailDraft	/admin/marketing/ads	BLOCKED (307 to /login)	REFUSED (threw)	REFUSED (threw)	REFUSED (threw)	stale	lib/actions/refusal.ts	BLOCKED (307 to /login)	REFUSED (threw)	REFUSED (threw)	REFUSED (threw)	no
ACTION-1EEC6DA56ECA	⬜ NOT STARTED	app/(app)/admin/marketing/actions.ts	createForm	/admin/marketing/ads	BLOCKED (307 to /login)	REFUSED (threw)	REFUSED (threw)	REFUSED (threw)	stale	lib/actions/refusal.ts	BLOCKED (307 to /login)	REFUSED (threw)	REFUSED (threw)	REFUSED (threw)	no
ACTION-710162D88275	⬜ NOT STARTED	app/(app)/admin/marketing/actions.ts	createFunnel	/admin/marketing/ads	BLOCKED (307 to /login)	REFUSED (threw)	REFUSED (threw)	REFUSED (threw)	stale	lib/actions/refusal.ts	BLOCKED (307 to /login)	REFUSED (threw)	REFUSED (threw)	REFUSED (threw)	no
ACTION-7E556A79CFE8	⬜ NOT STARTED	app/(app)/admin/marketing/actions.ts	createLandingPage	/admin/marketing/ads	BLOCKED (307 to /login)	REFUSED (threw)	REFUSED (threw)	REFUSED (threw)	stale	lib/actions/refusal.ts	BLOCKED (307 to /login)	REFUSED (threw)	REFUSED (threw)	REFUSED (threw)	no
ACTION-3CC6D1B68A65	⬜ NOT STARTED	app/(app)/admin/marketing/actions.ts	createSegment	/admin/marketing/ads	BLOCKED (307 to /login)	REFUSED (threw)	REFUSED (threw)	REFUSED (threw)	stale	lib/actions/refusal.ts	BLOCKED (307 to /login)	REFUSED (threw)	REFUSED (threw)	REFUSED (threw)	no
ACTION-3C20B106C849	⬜ NOT STARTED	app/(app)/admin/marketing/actions.ts	createSmsDraft	/admin/marketing/ads	BLOCKED (307 to /login)	REFUSED (threw)	REFUSED (threw)	REFUSED (threw)	stale	lib/actions/refusal.ts	BLOCKED (307 to /login)	REFUSED (threw)	REFUSED (threw)	REFUSED (threw)	no
ACTION-A5808340A13C	⬜ NOT STARTED	app/(app)/admin/marketing/actions.ts	createSocialPost	/admin/marketing/ads	BLOCKED (307 to /login)	REFUSED (threw)	REFUSED (threw)	REFUSED (threw)	stale	lib/actions/refusal.ts	BLOCKED (307 to /login)	REFUSED (threw)	REFUSED (threw)	REFUSED (threw)	no
ACTION-FB16E1969148	⬜ NOT STARTED	app/(app)/admin/marketing/actions.ts	deleteAeoQuestion	/admin/marketing/ads	BLOCKED (307 to /login)	REFUSED (threw)	REFUSED (threw)	REFUSED (threw)	stale	lib/actions/refusal.ts	BLOCKED (307 to /login)	REFUSED (threw)	REFUSED (threw)	REFUSED (threw)	no
ACTION-050B5AC457E7	⬜ NOT STARTED	app/(app)/admin/marketing/actions.ts	saveSeoPage	/admin/marketing/ads	BLOCKED (307 to /login)	REFUSED (threw)	REFUSED (threw)	REFUSED (threw)	stale	lib/actions/refusal.ts	BLOCKED (307 to /login)	REFUSED (threw)	REFUSED (threw)	REFUSED (threw)	no
ACTION-A2980CA7F763	⬜ NOT STARTED	app/(app)/admin/marketing/actions.ts	saveSetting	/admin/marketing/ads	BLOCKED (307 to /login)	REFUSED (threw)	REFUSED (threw)	REFUSED (threw)	stale	lib/actions/refusal.ts	BLOCKED (307 to /login)	REFUSED (threw)	REFUSED (threw)	REFUSED (threw)	no
ACTION-4A1C622F5658	⬜ NOT STARTED	app/(app)/admin/marketing/actions.ts	setAutomationStatus	/admin/marketing/ads	BLOCKED (307 to /login)	REFUSED (threw)	REFUSED (threw)	REFUSED (threw)	stale	lib/actions/refusal.ts	BLOCKED (307 to /login)	REFUSED (threw)	REFUSED (threw)	REFUSED (threw)	no
ACTION-8BA3151CD0BE	⬜ NOT STARTED	app/(app)/admin/marketing/actions.ts	setCampaignStatus	/admin/marketing/ads	BLOCKED (307 to /login)	REFUSED (threw)	REFUSED (threw)	REFUSED (threw)	stale	lib/actions/refusal.ts	BLOCKED (307 to /login)	REFUSED (threw)	REFUSED (threw)	REFUSED (threw)	no
ACTION-85CDA493FED3	⬜ NOT STARTED	app/(app)/admin/marketing/actions.ts	setFormStatus	/admin/marketing/ads	BLOCKED (307 to /login)	REFUSED (threw)	REFUSED (threw)	REFUSED (threw)	stale	lib/actions/refusal.ts	BLOCKED (307 to /login)	REFUSED (threw)	REFUSED (threw)	REFUSED (threw)	no
ACTION-39097FA690C2	⬜ NOT STARTED	app/(app)/admin/marketing/actions.ts	setLandingPublished	/admin/marketing/ads	BLOCKED (307 to /login)	REFUSED (threw)	REFUSED (threw)	REFUSED (threw)	stale	lib/actions/refusal.ts	BLOCKED (307 to /login)	REFUSED (threw)	REFUSED (threw)	REFUSED (threw)	no
ACTION-A1EE82BBA47D	⬜ NOT STARTED	app/(app)/admin/marketing/actions.ts	updateAeoQuestion	/admin/marketing/ads	BLOCKED (307 to /login)	REFUSED (threw)	REFUSED (threw)	REFUSED (threw)	stale	lib/actions/refusal.ts	BLOCKED (307 to /login)	REFUSED (threw)	REFUSED (threw)	REFUSED (threw)	no
ACTION-5E0AC9502487	⬜ NOT STARTED	app/(app)/admin/marketing/actions.ts	updateLandingPage	/admin/marketing/ads	BLOCKED (307 to /login)	REFUSED (threw)	REFUSED (threw)	REFUSED (threw)	stale	lib/actions/refusal.ts	BLOCKED (307 to /login)	REFUSED (threw)	REFUSED (threw)	REFUSED (threw)	no
ACTION-7137C703147D	⬜ NOT STARTED	app/(app)/admin/marketing/actions.ts	updateSeoKeyword	/admin/marketing/ads	BLOCKED (307 to /login)	REFUSED (threw)	REFUSED (threw)	REFUSED (threw)	stale	lib/actions/refusal.ts	BLOCKED (307 to /login)	REFUSED (threw)	REFUSED (threw)	REFUSED (threw)	no
ACTION-9C82EB5CFEF1	⬜ NOT STARTED	app/(app)/admin/marketing/affiliates/actions.ts	deleteAffiliateAction	/admin/marketing/affiliates	BLOCKED (307 to /login)	REFUSED (threw)	REFUSED (threw)	REFUSED (threw ACTION_REFUSED:invalid)	stale	lib/actions/refusal.ts	BLOCKED (307 to /login)	REFUSED (threw)	REFUSED (threw)	REFUSED (threw ACTION_REFUSED:invalid)	no
ACTION-1C7D08D285A3	⬜ NOT STARTED	app/(app)/admin/marketing/affiliates/actions.ts	markAffiliatePaidAction	/admin/marketing/affiliates	BLOCKED (307 to /login)	REFUSED (threw)	REFUSED (threw)	REFUSED (threw ACTION_REFUSED:invalid)	stale	lib/actions/refusal.ts	BLOCKED (307 to /login)	REFUSED (threw)	REFUSED (threw)	REFUSED (threw ACTION_REFUSED:invalid)	no
ACTION-C6795595529A	⬜ NOT STARTED	app/(app)/admin/marketing/affiliates/actions.ts	saveAffiliateAction	/admin/marketing/affiliates	BLOCKED (307 to /login)	REFUSED (threw)	REFUSED (threw)	REFUSED (threw)	stale	lib/actions/refusal.ts	BLOCKED (307 to /login)	REFUSED (threw)	REFUSED (threw)	REFUSED (threw)	no
ACTION-6275BD94235E	⬜ NOT STARTED	app/(app)/admin/marketing/affiliates/actions.ts	toggleAffiliateStatusAction	/admin/marketing/affiliates	BLOCKED (307 to /login)	REFUSED (threw)	REFUSED (threw)	REFUSED (threw ACTION_REFUSED:invalid)	stale	lib/actions/refusal.ts	BLOCKED (307 to /login)	REFUSED (threw)	REFUSED (threw)	REFUSED (threw ACTION_REFUSED:invalid)	no
ACTION-4A2066895C0E	⬜ NOT STARTED	app/(app)/admin/marketing/assets/actions.ts	deleteAssetAction	/admin/marketing/assets	BLOCKED (307 to /login)	REFUSED (threw)	REFUSED (threw)	REFUSED (threw ACTION_REFUSED:invalid)	stale	lib/actions/refusal.ts	BLOCKED (307 to /login)	REFUSED (threw)	REFUSED (threw)	REFUSED (threw ACTION_REFUSED:invalid)	no
ACTION-71630153BB4B	⬜ NOT STARTED	app/(app)/admin/marketing/assets/actions.ts	updateAssetAction	/admin/marketing/assets	BLOCKED (307 to /login)	REFUSED (threw)	REFUSED (threw)	REFUSED (threw)	stale	lib/actions/refusal.ts	BLOCKED (307 to /login)	REFUSED (threw)	REFUSED (threw)	REFUSED (threw)	no
ACTION-578FDE4E7B8A	⬜ NOT STARTED	app/(app)/admin/marketing/assets/actions.ts	uploadAssetAction	/admin/marketing/assets	BLOCKED (307 to /login)	REFUSED (threw)	REFUSED (threw)	REFUSED (threw)	stale	lib/actions/refusal.ts	BLOCKED (307 to /login)	REFUSED (threw)	REFUSED (threw)	REFUSED (threw)	no
ACTION-50D2A6EB1319	⬜ NOT STARTED	app/(app)/admin/marketing/competitive/actions.ts	deleteBacklinkAction	/admin/marketing/competitive	BLOCKED (307 to /login)	REFUSED (threw)	REFUSED (threw)	REFUSED (threw ACTION_REFUSED:invalid)	stale	lib/actions/refusal.ts	BLOCKED (307 to /login)	REFUSED (threw)	REFUSED (threw)	REFUSED (threw ACTION_REFUSED:invalid)	no
ACTION-2302F1E4D97E	⬜ NOT STARTED	app/(app)/admin/marketing/competitive/actions.ts	deleteCompetitorAction	/admin/marketing/competitive	BLOCKED (307 to /login)	REFUSED (threw)	REFUSED (threw)	REFUSED (threw ACTION_REFUSED:invalid)	stale	lib/actions/refusal.ts	BLOCKED (307 to /login)	REFUSED (threw)	REFUSED (threw)	REFUSED (threw ACTION_REFUSED:invalid)	no
ACTION-21EC4A22857A	⬜ NOT STARTED	app/(app)/admin/marketing/competitive/actions.ts	deleteKeywordAction	/admin/marketing/competitive	BLOCKED (307 to /login)	REFUSED (threw)	REFUSED (threw)	REFUSED (threw ACTION_REFUSED:invalid)	stale	lib/actions/refusal.ts	BLOCKED (307 to /login)	REFUSED (threw)	REFUSED (threw)	REFUSED (threw ACTION_REFUSED:invalid)	no
ACTION-A3D347EBD366	⬜ NOT STARTED	app/(app)/admin/marketing/competitive/actions.ts	saveBacklinkAction	/admin/marketing/competitive	BLOCKED (307 to /login)	REFUSED (threw)	REFUSED (threw)	REFUSED (threw)	stale	lib/actions/refusal.ts	BLOCKED (307 to /login)	REFUSED (threw)	REFUSED (threw)	REFUSED (threw)	no
ACTION-67D9318B223C	⬜ NOT STARTED	app/(app)/admin/marketing/competitive/actions.ts	saveCompetitorAction	/admin/marketing/competitive	BLOCKED (307 to /login)	REFUSED (threw)	REFUSED (threw)	REFUSED (threw)	stale	lib/actions/refusal.ts	BLOCKED (307 to /login)	REFUSED (threw)	REFUSED (threw)	REFUSED (threw)	no
ACTION-17D4568BBE11	⬜ NOT STARTED	app/(app)/admin/marketing/competitive/actions.ts	saveKeywordAction	/admin/marketing/competitive	BLOCKED (307 to /login)	REFUSED (threw)	REFUSED (threw)	REFUSED (threw)	stale	lib/actions/refusal.ts	BLOCKED (307 to /login)	REFUSED (threw)	REFUSED (threw)	REFUSED (threw)	no
ACTION-0368F45E7CF8	⬜ NOT STARTED	app/(app)/admin/marketing/content/actions.ts	archiveContentAction	/admin/marketing/content	BLOCKED (307 to /login)	REFUSED (threw)	REFUSED (threw)	REFUSED (threw)	stale	lib/actions/refusal.ts	BLOCKED (307 to /login)	REFUSED (threw)	REFUSED (threw)	REFUSED (threw)	no
ACTION-AEC31509ACBA	⬜ NOT STARTED	app/(app)/admin/marketing/content/actions.ts	publishContentToBlogAction	/admin/marketing/content	BLOCKED (307 to /login)	REFUSED (threw)	REFUSED (threw)	REFUSED (threw)	stale	lib/actions/refusal.ts	BLOCKED (307 to /login)	REFUSED (threw)	REFUSED (threw)	REFUSED (threw)	no
ACTION-28408A7C8CCF	⬜ NOT STARTED	app/(app)/admin/marketing/content/actions.ts	unpublishBlogPostAction	/admin/marketing/content	BLOCKED (307 to /login)	REFUSED (threw)	REFUSED (threw)	REFUSED (threw ACTION_REFUSED:notSaved)	stale	lib/actions/refusal.ts	BLOCKED (307 to /login)	REFUSED (threw)	REFUSED (threw)	REFUSED (threw ACTION_REFUSED:notSaved)	no
ACTION-5808E1A55143	⬜ NOT STARTED	app/(app)/admin/marketing/content/actions.ts	updateContentAction	/admin/marketing/content	BLOCKED (307 to /login)	REFUSED (threw)	REFUSED (threw)	REFUSED (threw)	stale	lib/actions/refusal.ts	BLOCKED (307 to /login)	REFUSED (threw)	REFUSED (threw)	REFUSED (threw)	no
ACTION-21726EE9DFA4	⬜ NOT STARTED	app/(app)/admin/marketing/crm/actions.ts	deleteContactAction	/admin/marketing/crm	BLOCKED (307 to /login)	REFUSED (threw)	REFUSED (threw)	REFUSED (threw ACTION_REFUSED:invalid)	stale	lib/actions/refusal.ts	BLOCKED (307 to /login)	REFUSED (threw)	REFUSED (threw)	REFUSED (threw ACTION_REFUSED:invalid)	no
ACTION-73C2DABE2251	⬜ NOT STARTED	app/(app)/admin/marketing/crm/actions.ts	deleteDealAction	/admin/marketing/crm	BLOCKED (307 to /login)	REFUSED (threw)	REFUSED (threw)	REFUSED (threw ACTION_REFUSED:invalid)	stale	lib/actions/refusal.ts	BLOCKED (307 to /login)	REFUSED (threw)	REFUSED (threw)	REFUSED (threw ACTION_REFUSED:invalid)	no
ACTION-67C14859ADCA	⬜ NOT STARTED	app/(app)/admin/marketing/crm/actions.ts	saveContactAction	/admin/marketing/crm	BLOCKED (307 to /login)	REFUSED (threw)	REFUSED (threw)	REFUSED (threw)	stale	lib/actions/refusal.ts	BLOCKED (307 to /login)	REFUSED (threw)	REFUSED (threw)	REFUSED (threw)	no
ACTION-A1B9703683BA	⬜ NOT STARTED	app/(app)/admin/marketing/crm/actions.ts	saveDealAction	/admin/marketing/crm	BLOCKED (307 to /login)	REFUSED (threw)	REFUSED (threw)	REFUSED (threw)	stale	lib/actions/refusal.ts	BLOCKED (307 to /login)	REFUSED (threw)	REFUSED (threw)	REFUSED (threw)	no
ACTION-D8BFFCAE89A4	⬜ NOT STARTED	app/(app)/admin/marketing/crm/actions.ts	setDealStageAction	/admin/marketing/crm	BLOCKED (307 to /login)	FAIL (admin action returned nothing to a non-admin)	FAIL (admin action returned nothing to a non-admin)	RETURNED (nothing)	stale	lib/actions/refusal.ts	BLOCKED (307 to /login)	FAIL (admin action returned nothing to a non-admin)	FAIL (admin action returned nothing to a non-admin)	RETURNED (nothing)	no
ACTION-0AD61A98DD69	⬜ NOT STARTED	app/(app)/admin/marketing/exit-intent/actions.ts	createExitIntentAction	/admin/marketing/exit-intent	BLOCKED (307 to /login)	REFUSED (threw)	REFUSED (threw)	REFUSED (threw)	stale	lib/actions/refusal.ts	BLOCKED (307 to /login)	REFUSED (threw)	REFUSED (threw)	REFUSED (threw)	no
ACTION-5E46A704BA79	⬜ NOT STARTED	app/(app)/admin/marketing/exit-intent/actions.ts	deleteExitIntentAction	/admin/marketing/exit-intent	BLOCKED (307 to /login)	REFUSED (threw)	REFUSED (threw)	REFUSED (threw ACTION_REFUSED:invalid)	stale	lib/actions/refusal.ts	BLOCKED (307 to /login)	REFUSED (threw)	REFUSED (threw)	REFUSED (threw ACTION_REFUSED:invalid)	no
ACTION-727733BB15E7	⬜ NOT STARTED	app/(app)/admin/marketing/exit-intent/actions.ts	toggleExitIntentAction	/admin/marketing/exit-intent	BLOCKED (307 to /login)	REFUSED (threw)	REFUSED (threw)	REFUSED (threw ACTION_REFUSED:invalid)	stale	lib/actions/refusal.ts	BLOCKED (307 to /login)	REFUSED (threw)	REFUSED (threw)	REFUSED (threw ACTION_REFUSED:invalid)	no
ACTION-D2B83C20F776	⬜ NOT STARTED	app/(app)/admin/marketing/experiments/actions.ts	createExperiment	/admin/marketing/experiments	BLOCKED (307 to /login)	REFUSED (threw)	REFUSED (threw)	REFUSED (threw)	stale	lib/actions/refusal.ts	BLOCKED (307 to /login)	REFUSED (threw)	REFUSED (threw)	REFUSED (threw)	no
ACTION-8E59C5C40490	⬜ NOT STARTED	app/(app)/admin/marketing/experiments/actions.ts	setExperimentStatus	/admin/marketing/experiments	BLOCKED (307 to /login)	REFUSED (threw)	REFUSED (threw)	REFUSED (threw ACTION_REFUSED:invalid)	stale	lib/actions/refusal.ts	BLOCKED (307 to /login)	REFUSED (threw)	REFUSED (threw)	REFUSED (threw ACTION_REFUSED:invalid)	no
ACTION-F1ADEA57CAE7	⬜ NOT STARTED	app/(app)/admin/marketing/experiments/actions.ts	setExperimentWinner	/admin/marketing/experiments	BLOCKED (307 to /login)	REFUSED (threw)	REFUSED (threw)	REFUSED (threw ACTION_REFUSED:invalid)	stale	lib/actions/refusal.ts	BLOCKED (307 to /login)	REFUSED (threw)	REFUSED (threw)	REFUSED (threw ACTION_REFUSED:invalid)	no
ACTION-C596C962E0B0	⬜ NOT STARTED	app/(app)/admin/marketing/lead-scores/actions.ts	recomputeLeadScoresAction	/admin/marketing/lead-scores	BLOCKED (307 to /login)	REFUSED (threw)	REFUSED (threw)	RETURNED (a value)	stale	lib/actions/refusal.ts	BLOCKED (307 to /login)	REFUSED (threw)	REFUSED (threw)	RETURNED (a value)	no
ACTION-944B9D591C0F	⬜ NOT STARTED	app/(app)/admin/marketing/loyalty/actions.ts	awardPointsAction	/admin/marketing/loyalty	BLOCKED (307 to /login)	REFUSED (threw)	REFUSED (threw)	REFUSED (threw)	stale	lib/actions/refusal.ts	BLOCKED (307 to /login)	REFUSED (threw)	REFUSED (threw)	REFUSED (threw)	no
ACTION-17503EE16C2D	⬜ NOT STARTED	app/(app)/admin/marketing/loyalty/actions.ts	cancelRedemptionAction	/admin/marketing/loyalty	BLOCKED (307 to /login)	REFUSED (threw)	REFUSED (threw)	REFUSED (threw ACTION_REFUSED:invalid)	stale	lib/actions/refusal.ts	BLOCKED (307 to /login)	REFUSED (threw)	REFUSED (threw)	REFUSED (threw ACTION_REFUSED:invalid)	no
ACTION-B3FFD0C4C4CE	⬜ NOT STARTED	app/(app)/admin/marketing/loyalty/actions.ts	deleteRewardAction	/admin/marketing/loyalty	BLOCKED (307 to /login)	REFUSED (threw)	REFUSED (threw)	REFUSED (threw ACTION_REFUSED:invalid)	stale	lib/actions/refusal.ts	BLOCKED (307 to /login)	REFUSED (threw)	REFUSED (threw)	REFUSED (threw ACTION_REFUSED:invalid)	no
ACTION-E167AEB36458	⬜ NOT STARTED	app/(app)/admin/marketing/loyalty/actions.ts	fulfillRedemptionAction	/admin/marketing/loyalty	BLOCKED (307 to /login)	REFUSED (threw)	REFUSED (threw)	REFUSED (threw)	stale	lib/actions/refusal.ts	BLOCKED (307 to /login)	REFUSED (threw)	REFUSED (threw)	REFUSED (threw)	no
ACTION-BBF7460A6A75	⬜ NOT STARTED	app/(app)/admin/marketing/loyalty/actions.ts	saveLoyaltySettingsAction	/admin/marketing/loyalty	BLOCKED (307 to /login)	REFUSED (threw)	REFUSED (threw)	REFUSED (threw)	stale	lib/actions/refusal.ts	BLOCKED (307 to /login)	REFUSED (threw)	REFUSED (threw)	REFUSED (threw)	no
ACTION-1D23B78FE46E	⬜ NOT STARTED	app/(app)/admin/marketing/loyalty/actions.ts	saveRewardAction	/admin/marketing/loyalty	BLOCKED (307 to /login)	REFUSED (threw)	REFUSED (threw)	REFUSED (threw)	stale	lib/actions/refusal.ts	BLOCKED (307 to /login)	REFUSED (threw)	REFUSED (threw)	REFUSED (threw)	no
ACTION-BEB0BE97AA24	⬜ NOT STARTED	app/(app)/admin/marketing/personalization/actions.ts	createRuleAction	/admin/marketing/personalization	BLOCKED (307 to /login)	REFUSED (threw)	REFUSED (threw)	REFUSED (threw)	stale	lib/actions/refusal.ts	BLOCKED (307 to /login)	REFUSED (threw)	REFUSED (threw)	REFUSED (threw)	no
ACTION-E202B0737B2A	⬜ NOT STARTED	app/(app)/admin/marketing/personalization/actions.ts	deleteRuleAction	/admin/marketing/personalization	BLOCKED (307 to /login)	REFUSED (threw)	REFUSED (threw)	REFUSED (threw ACTION_REFUSED:invalid)	stale	lib/actions/refusal.ts	BLOCKED (307 to /login)	REFUSED (threw)	REFUSED (threw)	REFUSED (threw ACTION_REFUSED:invalid)	no
ACTION-C0C5317102F6	⬜ NOT STARTED	app/(app)/admin/marketing/personalization/actions.ts	toggleRuleStatusAction	/admin/marketing/personalization	BLOCKED (307 to /login)	REFUSED (threw)	REFUSED (threw)	REFUSED (threw ACTION_REFUSED:invalid)	stale	lib/actions/refusal.ts	BLOCKED (307 to /login)	REFUSED (threw)	REFUSED (threw)	REFUSED (threw ACTION_REFUSED:invalid)	no
ACTION-38F15AB4C6A6	⬜ NOT STARTED	app/(app)/admin/marketing/platform/actions.ts	archivePlatformPage	/admin/marketing/platform	BLOCKED (307 to /login)	REFUSED (threw)	REFUSED (threw)	REFUSED (threw)	stale	lib/actions/refusal.ts	BLOCKED (307 to /login)	REFUSED (threw)	REFUSED (threw)	REFUSED (threw)	no
ACTION-85002300C60F	⬜ NOT STARTED	app/(app)/admin/marketing/platform/actions.ts	createPlatformPage	/admin/marketing/platform	BLOCKED (307 to /login)	REFUSED (threw)	REFUSED (threw)	REFUSED (threw)	stale	lib/actions/refusal.ts	BLOCKED (307 to /login)	REFUSED (threw)	REFUSED (threw)	REFUSED (threw)	no
ACTION-6CEF5437F8ED	⬜ NOT STARTED	app/(app)/admin/marketing/platform/actions.ts	retryMarketingJob	/admin/marketing/platform	BLOCKED (307 to /login)	REFUSED (threw)	REFUSED (threw)	REFUSED (threw)	stale	lib/actions/refusal.ts	BLOCKED (307 to /login)	REFUSED (threw)	REFUSED (threw)	REFUSED (threw)	no
ACTION-59E056B14B59	⬜ NOT STARTED	app/(app)/admin/marketing/platform/actions.ts	saveMarketingBrandRule	/admin/marketing/platform	BLOCKED (307 to /login)	REFUSED (threw)	REFUSED (threw)	REFUSED (threw)	stale	lib/actions/refusal.ts	BLOCKED (307 to /login)	REFUSED (threw)	REFUSED (threw)	REFUSED (threw)	no
ACTION-119E12121A02	⬜ NOT STARTED	app/(app)/admin/marketing/platform/actions.ts	saveMarketingTemplate	/admin/marketing/platform	BLOCKED (307 to /login)	REFUSED (threw)	REFUSED (threw)	REFUSED (threw)	stale	lib/actions/refusal.ts	BLOCKED (307 to /login)	REFUSED (threw)	REFUSED (threw)	REFUSED (threw)	no
ACTION-91A2F191AA7A	⬜ NOT STARTED	app/(app)/admin/marketing/platform/actions.ts	updatePlatformPage	/admin/marketing/platform	BLOCKED (307 to /login)	REFUSED (threw)	REFUSED (threw)	REFUSED (threw)	stale	lib/actions/refusal.ts	BLOCKED (307 to /login)	REFUSED (threw)	REFUSED (threw)	REFUSED (threw)	no
ACTION-B5791CD3F2A2	⬜ NOT STARTED	app/(app)/admin/marketing/proposals/actions.ts	deleteQuoteAction	/admin/marketing/proposals	BLOCKED (307 to /login)	REFUSED (threw)	REFUSED (threw)	REFUSED (threw ACTION_REFUSED:invalid)	stale	lib/actions/refusal.ts	BLOCKED (307 to /login)	REFUSED (threw)	REFUSED (threw)	REFUSED (threw ACTION_REFUSED:invalid)	no
ACTION-0DAB4AF8075D	⬜ NOT STARTED	app/(app)/admin/marketing/proposals/actions.ts	saveQuoteAction	/admin/marketing/proposals	BLOCKED (307 to /login)	REFUSED (threw)	REFUSED (threw)	REFUSED (threw)	stale	lib/actions/refusal.ts	BLOCKED (307 to /login)	REFUSED (threw)	REFUSED (threw)	REFUSED (threw)	no
ACTION-88C23664B6D1	⬜ NOT STARTED	app/(app)/admin/marketing/proposals/actions.ts	setQuoteStatusAction	/admin/marketing/proposals	BLOCKED (307 to /login)	FAIL (admin action returned nothing to a non-admin)	FAIL (admin action returned nothing to a non-admin)	RETURNED (nothing)	stale	lib/actions/refusal.ts	BLOCKED (307 to /login)	FAIL (admin action returned nothing to a non-admin)	FAIL (admin action returned nothing to a non-admin)	RETURNED (nothing)	no
ACTION-BDE7FD6EF5B1	⬜ NOT STARTED	app/(app)/admin/marketing/push/actions.ts	createPushCampaignAction	/admin/marketing/push	BLOCKED (307 to /login)	REFUSED (threw)	REFUSED (threw)	REFUSED (threw)	stale	lib/actions/refusal.ts; lib/server/push.ts	BLOCKED (307 to /login)	REFUSED (threw)	REFUSED (threw)	REFUSED (threw)	no
ACTION-A679BF182948	⬜ NOT STARTED	app/(app)/admin/marketing/push/actions.ts	deletePushCampaignAction	/admin/marketing/push	BLOCKED (307 to /login)	REFUSED (threw)	REFUSED (threw)	REFUSED (threw ACTION_REFUSED:invalid)	stale	lib/actions/refusal.ts; lib/server/push.ts	BLOCKED (307 to /login)	REFUSED (threw)	REFUSED (threw)	REFUSED (threw ACTION_REFUSED:invalid)	no
ACTION-E7AFDF8C4FA3	⬜ NOT STARTED	app/(app)/admin/marketing/push/actions.ts	sendPushCampaignAction	/admin/marketing/push	BLOCKED (307 to /login)	REFUSED (threw)	REFUSED (threw)	REFUSED (threw ACTION_REFUSED:invalid)	stale	lib/actions/refusal.ts; lib/server/push.ts	BLOCKED (307 to /login)	REFUSED (threw)	REFUSED (threw)	REFUSED (threw ACTION_REFUSED:invalid)	no
ACTION-8DDFD84D2ECE	⬜ NOT STARTED	app/(app)/admin/marketing/referrals/actions.ts	saveReferralConfigAction	/admin/marketing/referrals	BLOCKED (307 to /login)	REFUSED (threw)	REFUSED (threw)	REFUSED (threw)	stale	lib/actions/refusal.ts	BLOCKED (307 to /login)	REFUSED (threw)	REFUSED (threw)	REFUSED (threw)	no
ACTION-E0A7155F8E9F	⬜ NOT STARTED	app/(app)/admin/marketing/reputation/actions.ts	deleteCaseStudyAction	/admin/marketing/reputation	BLOCKED (307 to /login)	REFUSED (threw)	REFUSED (threw)	REFUSED (threw ACTION_REFUSED:invalid)	stale	lib/actions/refusal.ts	BLOCKED (307 to /login)	REFUSED (threw)	REFUSED (threw)	REFUSED (threw ACTION_REFUSED:invalid)	no
ACTION-BE932074A69F	⬜ NOT STARTED	app/(app)/admin/marketing/reputation/actions.ts	deleteTestimonialAction	/admin/marketing/reputation	BLOCKED (307 to /login)	REFUSED (threw)	REFUSED (threw)	REFUSED (threw ACTION_REFUSED:invalid)	stale	lib/actions/refusal.ts	BLOCKED (307 to /login)	REFUSED (threw)	REFUSED (threw)	REFUSED (threw ACTION_REFUSED:invalid)	no
ACTION-110820E77C4B	⬜ NOT STARTED	app/(app)/admin/marketing/reputation/actions.ts	saveCaseStudyAction	/admin/marketing/reputation	BLOCKED (307 to /login)	REFUSED (threw)	REFUSED (threw)	REFUSED (threw)	stale	lib/actions/refusal.ts	BLOCKED (307 to /login)	REFUSED (threw)	REFUSED (threw)	REFUSED (threw)	no
ACTION-532C496F8C29	⬜ NOT STARTED	app/(app)/admin/marketing/reputation/actions.ts	saveTestimonialAction	/admin/marketing/reputation	BLOCKED (307 to /login)	REFUSED (threw)	REFUSED (threw)	REFUSED (threw)	stale	lib/actions/refusal.ts	BLOCKED (307 to /login)	REFUSED (threw)	REFUSED (threw)	REFUSED (threw)	no
ACTION-F8FC8A9B5F50	⬜ NOT STARTED	app/(app)/admin/marketing/reputation/actions.ts	togglePublishTestimonialAction	/admin/marketing/reputation	BLOCKED (307 to /login)	REFUSED (threw)	REFUSED (threw)	REFUSED (threw ACTION_REFUSED:notSaved)	stale	lib/actions/refusal.ts	BLOCKED (307 to /login)	REFUSED (threw)	REFUSED (threw)	REFUSED (threw ACTION_REFUSED:notSaved)	no
ACTION-05FB23BEB1BC	⬜ NOT STARTED	app/(app)/admin/marketing/reviews/actions.ts	deleteReviewAction	/admin/marketing/reviews	BLOCKED (307 to /login)	REFUSED (threw)	REFUSED (threw)	REFUSED (threw ACTION_REFUSED:invalid)	stale	lib/actions/refusal.ts	BLOCKED (307 to /login)	REFUSED (threw)	REFUSED (threw)	REFUSED (threw ACTION_REFUSED:invalid)	no
ACTION-CC165F41AE00	⬜ NOT STARTED	app/(app)/admin/marketing/reviews/actions.ts	moderateReviewAction	/admin/marketing/reviews	BLOCKED (307 to /login)	FAIL (admin action returned nothing to a non-admin)	FAIL (admin action returned nothing to a non-admin)	RETURNED (nothing)	stale	lib/actions/refusal.ts	BLOCKED (307 to /login)	FAIL (admin action returned nothing to a non-admin)	FAIL (admin action returned nothing to a non-admin)	RETURNED (nothing)	no
ACTION-4CD0228A0979	⬜ NOT STARTED	app/(app)/admin/marketing/reviews/actions.ts	replyToReviewAction	/admin/marketing/reviews	BLOCKED (307 to /login)	REFUSED (threw)	REFUSED (threw)	REFUSED (threw)	stale	lib/actions/refusal.ts	BLOCKED (307 to /login)	REFUSED (threw)	REFUSED (threw)	REFUSED (threw)	no
ACTION-5BDD312CA8E2	⬜ NOT STARTED	app/(app)/admin/marketing/reviews/actions.ts	saveReputationSettingsAction	/admin/marketing/reviews	BLOCKED (307 to /login)	REFUSED (threw)	REFUSED (threw)	REFUSED (threw)	stale	lib/actions/refusal.ts	BLOCKED (307 to /login)	REFUSED (threw)	REFUSED (threw)	REFUSED (threw)	no
ACTION-B2F2841920BF	no row (action postdates the register)	app/(app)/admin/marketing/social/recurring/actions.ts	createRecurringAdAction	/admin/marketing/social/recurring	BLOCKED (307 to /login)	REFUSED (refusal in result)	REFUSED (refusal in result)	REFUSED (threw)	stale	lib/actions/refusal.ts; lib/social/access.ts	BLOCKED (307 to /login)	REFUSED (refusal in result)	REFUSED (refusal in result)	REFUSED (threw)	no
ACTION-C10F677B0EFE	no row (action postdates the register)	app/(app)/admin/marketing/social/recurring/actions.ts	deleteRecurringAdAction	/admin/marketing/social/recurring	BLOCKED (307 to /login)	REFUSED (refusal in result)	REFUSED (refusal in result)	REFUSED (refusal in result)	stale	lib/actions/refusal.ts; lib/social/access.ts	BLOCKED (307 to /login)	REFUSED (refusal in result)	REFUSED (refusal in result)	REFUSED (refusal in result)	no
ACTION-1BBA1A5A0567	no row (action postdates the register)	app/(app)/admin/marketing/social/recurring/actions.ts	runRecurringAdNowAction	/admin/marketing/social/recurring	BLOCKED (307 to /login)	REFUSED (refusal in result)	REFUSED (refusal in result)	REFUSED (refusal in result)	stale	lib/actions/refusal.ts; lib/social/access.ts	BLOCKED (307 to /login)	REFUSED (refusal in result)	REFUSED (refusal in result)	REFUSED (refusal in result)	no
ACTION-C420BD46F150	no row (action postdates the register)	app/(app)/admin/marketing/social/recurring/actions.ts	setRecurringAdStatusAction	/admin/marketing/social/recurring	BLOCKED (307 to /login)	REFUSED (refusal in result)	REFUSED (refusal in result)	REFUSED (refusal in result)	stale	lib/actions/refusal.ts; lib/social/access.ts	BLOCKED (307 to /login)	REFUSED (refusal in result)	REFUSED (refusal in result)	REFUSED (refusal in result)	no
ACTION-5A26CD60D3B6	⬜ NOT STARTED	app/(app)/admin/marketing/surveys/actions.ts	createSurveyAction	/admin/marketing/surveys	BLOCKED (307 to /login)	REFUSED (threw)	REFUSED (threw)	REFUSED (threw)	stale	lib/actions/refusal.ts	BLOCKED (307 to /login)	REFUSED (threw)	REFUSED (threw)	REFUSED (threw)	no
ACTION-98E650226197	⬜ NOT STARTED	app/(app)/admin/marketing/surveys/actions.ts	deleteSurveyAction	/admin/marketing/surveys	BLOCKED (307 to /login)	REFUSED (threw)	REFUSED (threw)	REFUSED (threw ACTION_REFUSED:invalid)	stale	lib/actions/refusal.ts	BLOCKED (307 to /login)	REFUSED (threw)	REFUSED (threw)	REFUSED (threw ACTION_REFUSED:invalid)	no
ACTION-D65DABB27735	⬜ NOT STARTED	app/(app)/admin/marketing/surveys/actions.ts	setSurveyStatusAction	/admin/marketing/surveys	BLOCKED (307 to /login)	REFUSED (threw)	REFUSED (threw)	REFUSED (threw ACTION_REFUSED:notSaved)	stale	lib/actions/refusal.ts	BLOCKED (307 to /login)	REFUSED (threw)	REFUSED (threw)	REFUSED (threw ACTION_REFUSED:notSaved)	no
ACTION-7F1AA5436C30	⬜ NOT STARTED	app/(app)/admin/marketing/video/actions.ts	deleteVideoAction	/admin/marketing/video	BLOCKED (307 to /login)	REFUSED (threw)	REFUSED (threw)	REFUSED (threw ACTION_REFUSED:invalid)	stale	lib/actions/refusal.ts	BLOCKED (307 to /login)	REFUSED (threw)	REFUSED (threw)	REFUSED (threw ACTION_REFUSED:invalid)	no
ACTION-74941DD5D790	⬜ NOT STARTED	app/(app)/admin/marketing/video/actions.ts	saveVideoAction	/admin/marketing/video	BLOCKED (307 to /login)	REFUSED (threw)	REFUSED (threw)	REFUSED (threw)	stale	lib/actions/refusal.ts	BLOCKED (307 to /login)	REFUSED (threw)	REFUSED (threw)	REFUSED (threw)	no
ACTION-6860916259AA	⬜ NOT STARTED	app/(app)/admin/marketing/video/actions.ts	toggleVideoPublishAction	/admin/marketing/video	BLOCKED (307 to /login)	REFUSED (threw)	REFUSED (threw)	REFUSED (threw ACTION_REFUSED:invalid)	stale	lib/actions/refusal.ts	BLOCKED (307 to /login)	REFUSED (threw)	REFUSED (threw)	REFUSED (threw ACTION_REFUSED:invalid)	no
ACTION-404C30AADBAC	⬜ NOT STARTED	app/(app)/admin/marketplace/reports/actions.ts	resolveReportAction	/admin/marketplace/reports	BLOCKED (307 to /login)	REFUSED (refusal in result)	REFUSED (refusal in result)	REFUSED (refusal in result)	stale	0462 marketplace_listings	BLOCKED (307 to /login)	REFUSED (refusal in result)	REFUSED (refusal in result)	REFUSED (refusal in result)	no
ACTION-1EF7E8F30C4B	⬜ NOT STARTED	app/(app)/admin/marketplace/reports/actions.ts	startReviewAction	/admin/marketplace/reports	BLOCKED (307 to /login)	REFUSED (refusal in result)	REFUSED (refusal in result)	REFUSED (threw)	stale	0462 marketplace_listings	BLOCKED (307 to /login)	REFUSED (refusal in result)	REFUSED (refusal in result)	REFUSED (threw)	no
ACTION-C92352AB9B14	⬜ NOT STARTED	app/(app)/admin/notifications-actions.ts	markAdminNotesReadAction	/admin	BLOCKED (307 to /login)	REFUSED (refusal in result)	REFUSED (refusal in result)	RETURNED (a value)	current						
ACTION-7577F0B34CFD	⬜ NOT STARTED	app/(app)/admin/services/actions.ts	resetServiceDescriptionAction	/admin/services	BLOCKED (307 to /login)	REFUSED (threw)	REFUSED (threw)	REFUSED (threw)	current						
ACTION-4BCF86045E2D	⬜ NOT STARTED	app/(app)/admin/services/actions.ts	saveServiceDescriptionAction	/admin/services	BLOCKED (307 to /login)	REFUSED (threw)	REFUSED (threw)	REFUSED (threw)	current						
ACTION-14BD09590041	⬜ NOT STARTED	app/(app)/admin/settings/social-links/actions.ts	saveSocialLinksAction	/admin/settings/social-links	BLOCKED (307 to /login)	REFUSED (refusal in result)	REFUSED (refusal in result)	REFUSED (threw)	current						
ACTION-9BB4336C48FB	no row (action postdates the register)	app/(app)/admin/support-tickets/actions.ts	assignTicketToMeAction	/admin/support-tickets	BLOCKED (307 to /login)	REFUSED (refusal in result)	REFUSED (refusal in result)	REFUSED (threw)	current						
ACTION-10EFD1799A85	⬜ NOT STARTED	app/(app)/admin/support-tickets/actions.ts	closeTicketAction	/admin/support-tickets	BLOCKED (307 to /login)	REFUSED (refusal in result)	REFUSED (refusal in result)	REFUSED (threw)	current						
ACTION-16972A0BA4CB	⬜ NOT STARTED	app/(app)/admin/support-tickets/actions.ts	createTicketAction	/admin/support-tickets	BLOCKED (307 to /login)	REFUSED (refusal in result)	REFUSED (refusal in result)	REFUSED (threw)	current						
ACTION-18144BF64553	⬜ NOT STARTED	app/(app)/admin/support-tickets/actions.ts	reopenTicketAction	/admin/support-tickets	BLOCKED (307 to /login)	REFUSED (refusal in result)	REFUSED (refusal in result)	REFUSED (threw)	current						
ACTION-0C548CD16BE8	⬜ NOT STARTED	app/(app)/admin/support-tickets/actions.ts	resolveTicketAction	/admin/support-tickets	BLOCKED (307 to /login)	REFUSED (refusal in result)	REFUSED (refusal in result)	REFUSED (threw)	current						
ACTION-04A8A8C1AE2F	⬜ NOT STARTED	app/(app)/admin/tier-features/actions.ts	resetFeatureTiersAction	/admin/tier-features	BLOCKED (307 to /login)	REFUSED (refusal in result)	REFUSED (refusal in result)	RETURNED (a value)	current						
ACTION-8B8E0B6A7AA6	⬜ NOT STARTED	app/(app)/admin/tier-features/actions.ts	setFeatureTierAction	/admin/tier-features	BLOCKED (307 to /login)	REFUSED (refusal in result)	REFUSED (refusal in result)	REFUSED (refusal in result)	current						
ACTION-B6D27445070B	⬜ NOT STARTED	app/(app)/capture/shortcuts-actions.ts	loadCaptureShortcuts	/home	BLOCKED (307 to /login)	RETURNED (a value)	RETURNED (a value)	RETURNED (a value)	current						
ACTION-8545A131965A	⬜ NOT STARTED	app/(app)/capture/shortcuts-actions.ts	saveCaptureShortcutsAction	/home	BLOCKED (307 to /login)	REFUSED (threw)	REFUSED (threw)	REFUSED (threw)	current						
ACTION-3FF1CF422A1C	⬜ NOT STARTED	app/(app)/dashboard/agents/actions.ts	resolveActivityAction	/dashboard/agents	BLOCKED (307 to /login)	REFUSED (refusal in result)	REFUSED (refusal in result)	REFUSED (refusal in result)	current						
ACTION-2818A604DE3C	⬜ NOT STARTED	app/(app)/dashboard/ai-feedback-actions.ts	recordAiFeedbackAction	/dashboard	BLOCKED (307 to /login)	REFUSED (refusal in result)	REFUSED (refusal in result)	REFUSED (refusal in result)	current						
ACTION-7B3C7D2E6998	⬜ NOT STARTED	app/(app)/dashboard/app-store/actions.ts	installAppAction	/dashboard/app-store	BLOCKED (307 to /login)	REFUSED (refusal in result)	REFUSED (refusal in result)	REFUSED (refusal in result)	current						
ACTION-497B5F6177F1	⬜ NOT STARTED	app/(app)/dashboard/app-store/actions.ts	toggleAppAction	/dashboard/app-store	BLOCKED (307 to /login)	REFUSED (refusal in result)	REFUSED (refusal in result)	REFUSED (refusal in result)	current						
ACTION-76DF090DECE9	⬜ NOT STARTED	app/(app)/dashboard/app-store/actions.ts	uninstallAppAction	/dashboard/app-store	BLOCKED (307 to /login)	REFUSED (refusal in result)	REFUSED (refusal in result)	REFUSED (refusal in result)	current						
ACTION-03B29F75B827	⬜ NOT STARTED	app/(app)/dashboard/approvals-actions.ts	decideApproval	/home	BLOCKED (307 to /login)	REFUSED (threw)	REFUSED (threw)	REFUSED (threw)	stale	lib/services/memory/index.ts; lib/vacations/dates.ts; 0460 subscriptions_tracked; 0463 family_messages	BLOCKED (307 to /login)	REFUSED (threw)	REFUSED (threw)	REFUSED (threw)	no
ACTION-38840F5B33E9	⬜ NOT STARTED	app/(app)/dashboard/approvals-actions.ts	editAndApproveApproval	/home	BLOCKED (307 to /login)	REFUSED (threw)	REFUSED (threw)	REFUSED (threw)	stale	lib/services/memory/index.ts; lib/vacations/dates.ts; 0460 subscriptions_tracked; 0463 family_messages	BLOCKED (307 to /login)	REFUSED (threw)	REFUSED (threw)	REFUSED (threw)	no
ACTION-D7CE64DF3169	⬜ NOT STARTED	app/(app)/dashboard/assistant/purchases/[approvalId]/actions.ts	retryPurchaseAnswer	/dashboard/assistant/purchases/00000000-0000-4000-8000-00000000abcd	BLOCKED (307 to /login)	REFUSED (200, no result)	REFUSED (200, no result)	REFUSED (200, no result)	stale	lib/services/memory/index.ts; lib/vacations/dates.ts; 0460 subscriptions_tracked; 0463 family_messages	BLOCKED (307 to /login)	REFUSED (200, no result)	REFUSED (200, no result)	REFUSED (200, no result)	no
ACTION-274EDFA6815C	no row (action postdates the register)	app/(app)/dashboard/assistants/actions.ts	createAssistantLinkAction	/dashboard/assistants	BLOCKED (307 to /login)	REFUSED (refusal in result)	REFUSED (threw)	REFUSED (threw)	current						
ACTION-1BD5BCD928F8	no row (action postdates the register)	app/(app)/dashboard/assistants/actions.ts	revokeAssistantLinkAction	/dashboard/assistants	BLOCKED (307 to /login)	REFUSED (refusal in result)	REFUSED (refusal in result)	REFUSED (refusal in result)	current						
ACTION-E31F2050163D	⬜ NOT STARTED	app/(app)/dashboard/auto/actions.ts	deleteAutoServiceAction	/dashboard/auto/rentals	BLOCKED (307 to /login)	REFUSED (threw)	REFUSED (threw)	REFUSED (threw)	stale	app/(app)/dashboard/auto/actions.ts; lib/actions/refusal.ts	BLOCKED (307 to /login)	REFUSED (threw ACTION_REFUSED:invalid)	REFUSED (threw ACTION_REFUSED:invalid)	REFUSED (threw ACTION_REFUSED:invalid)	no
ACTION-F8BC27963E70	⬜ NOT STARTED	app/(app)/dashboard/auto/actions.ts	deleteInspectionAction	/dashboard/auto/rentals	BLOCKED (307 to /login)	REFUSED (threw)	REFUSED (threw)	REFUSED (threw)	stale	app/(app)/dashboard/auto/actions.ts; lib/actions/refusal.ts	BLOCKED (307 to /login)	REFUSED (threw ACTION_REFUSED:invalid)	REFUSED (threw ACTION_REFUSED:invalid)	REFUSED (threw ACTION_REFUSED:invalid)	no
ACTION-FD39CA24A649	⬜ NOT STARTED	app/(app)/dashboard/auto/actions.ts	deleteLicenseAction	/dashboard/auto/rentals	BLOCKED (307 to /login)	REFUSED (threw)	REFUSED (threw)	REFUSED (threw)	stale	app/(app)/dashboard/auto/actions.ts; lib/actions/refusal.ts	BLOCKED (307 to /login)	REFUSED (threw ACTION_REFUSED:invalid)	REFUSED (threw ACTION_REFUSED:invalid)	REFUSED (threw ACTION_REFUSED:invalid)	no
ACTION-87CA12F1EDEA	⬜ NOT STARTED	app/(app)/dashboard/auto/actions.ts	deletePolicyAction	/dashboard/auto/rentals	BLOCKED (307 to /login)	REFUSED (threw)	REFUSED (threw)	REFUSED (threw)	stale	app/(app)/dashboard/auto/actions.ts; lib/actions/refusal.ts	BLOCKED (307 to /login)	REFUSED (threw ACTION_REFUSED:invalid)	REFUSED (threw ACTION_REFUSED:invalid)	REFUSED (threw ACTION_REFUSED:invalid)	no
ACTION-F1A91EBA9C09	⬜ NOT STARTED	app/(app)/dashboard/auto/actions.ts	deleteRegistrationAction	/dashboard/auto/rentals	BLOCKED (307 to /login)	REFUSED (threw)	REFUSED (threw)	REFUSED (threw)	stale	app/(app)/dashboard/auto/actions.ts; lib/actions/refusal.ts	BLOCKED (307 to /login)	REFUSED (threw ACTION_REFUSED:invalid)	REFUSED (threw ACTION_REFUSED:invalid)	REFUSED (threw ACTION_REFUSED:invalid)	no
ACTION-4D7C1C060966	⬜ NOT STARTED	app/(app)/dashboard/auto/actions.ts	deleteRentalAction	/dashboard/auto/rentals	BLOCKED (307 to /login)	REFUSED (threw)	REFUSED (threw)	REFUSED (threw)	stale	app/(app)/dashboard/auto/actions.ts; lib/actions/refusal.ts	BLOCKED (307 to /login)	REFUSED (threw ACTION_REFUSED:invalid)	REFUSED (threw ACTION_REFUSED:invalid)	REFUSED (threw ACTION_REFUSED:invalid)	no
ACTION-9771EF95BAD4	⬜ NOT STARTED	app/(app)/dashboard/auto/actions.ts	deleteVehicleAction	/dashboard/auto/rentals	BLOCKED (307 to /login)	REFUSED (threw)	REFUSED (threw)	REFUSED (threw)	stale	app/(app)/dashboard/auto/actions.ts; lib/actions/refusal.ts	BLOCKED (307 to /login)	REFUSED (threw ACTION_REFUSED:invalid)	REFUSED (threw ACTION_REFUSED:invalid)	REFUSED (threw ACTION_REFUSED:invalid)	no
ACTION-AC57AA6F6AF5	⬜ NOT STARTED	app/(app)/dashboard/auto/actions.ts	saveAutoServiceAction	/dashboard/auto/rentals	BLOCKED (307 to /login)	REFUSED (threw)	REFUSED (threw)	REFUSED (threw)	stale	app/(app)/dashboard/auto/actions.ts; lib/actions/refusal.ts	BLOCKED (307 to /login)	REFUSED (threw)	REFUSED (threw)	REFUSED (threw)	no
ACTION-9690C67725E8	⬜ NOT STARTED	app/(app)/dashboard/auto/actions.ts	saveInspectionAction	/dashboard/auto/rentals	BLOCKED (307 to /login)	REFUSED (threw)	REFUSED (threw)	REFUSED (threw)	stale	app/(app)/dashboard/auto/actions.ts; lib/actions/refusal.ts	BLOCKED (307 to /login)	REFUSED (threw)	REFUSED (threw)	REFUSED (threw)	no
ACTION-F585F63E9A52	⬜ NOT STARTED	app/(app)/dashboard/auto/actions.ts	saveLicenseAction	/dashboard/auto/rentals	BLOCKED (307 to /login)	REFUSED (threw)	REFUSED (threw)	REFUSED (threw)	stale	app/(app)/dashboard/auto/actions.ts; lib/actions/refusal.ts	BLOCKED (307 to /login)	REFUSED (threw)	REFUSED (threw)	REFUSED (threw)	no
ACTION-C63C3FAC0ABE	⬜ NOT STARTED	app/(app)/dashboard/auto/actions.ts	savePolicyAction	/dashboard/auto/rentals	BLOCKED (307 to /login)	REFUSED (threw)	REFUSED (threw)	REFUSED (threw)	stale	app/(app)/dashboard/auto/actions.ts; lib/actions/refusal.ts	BLOCKED (307 to /login)	REFUSED (threw)	REFUSED (threw)	REFUSED (threw)	no
ACTION-BF505BA2DE64	⬜ NOT STARTED	app/(app)/dashboard/auto/actions.ts	saveRegistrationAction	/dashboard/auto/rentals	BLOCKED (307 to /login)	REFUSED (threw)	REFUSED (threw)	REFUSED (threw)	stale	app/(app)/dashboard/auto/actions.ts; lib/actions/refusal.ts	BLOCKED (307 to /login)	REFUSED (threw)	REFUSED (threw)	REFUSED (threw)	no
ACTION-F3975BE4A793	⬜ NOT STARTED	app/(app)/dashboard/auto/actions.ts	saveRentalAction	/dashboard/auto/rentals	BLOCKED (307 to /login)	REFUSED (threw)	REFUSED (threw)	REFUSED (threw)	stale	app/(app)/dashboard/auto/actions.ts; lib/actions/refusal.ts	BLOCKED (307 to /login)	REFUSED (threw)	REFUSED (threw)	REFUSED (threw)	no
ACTION-5642CA924329	⬜ NOT STARTED	app/(app)/dashboard/auto/actions.ts	saveVehicleAction	/dashboard/auto/rentals	BLOCKED (307 to /login)	REFUSED (threw)	REFUSED (threw)	REFUSED (threw)	stale	app/(app)/dashboard/auto/actions.ts; lib/actions/refusal.ts	BLOCKED (307 to /login)	REFUSED (threw)	REFUSED (threw)	REFUSED (threw)	no
ACTION-65B7A9DF3AFD	⬜ NOT STARTED	app/(app)/dashboard/autopilot/actions.ts	resolveAutopilotSuggestionAction	/dashboard/autopilot	BLOCKED (307 to /login)	REFUSED (200, no result)	REFUSED (200, no result)	REFUSED (refusal in result)	current						
ACTION-A7AC1E2A50BB	⬜ NOT STARTED	app/(app)/dashboard/billing/actions.ts	contributeToGoalAction	/dashboard/billing	BLOCKED (307 to /login)	REFUSED (refusal in result)	REFUSED (refusal in result)	REFUSED (refusal in result)	current						
ACTION-04474DC90357	⬜ NOT STARTED	app/(app)/dashboard/billing/actions.ts	createSavingsGoalAction	/dashboard/billing	BLOCKED (307 to /login)	REFUSED (refusal in result)	REFUSED (refusal in result)	REFUSED (refusal in result)	current						
ACTION-3EB6EC6D3C8F	⬜ NOT STARTED	app/(app)/dashboard/billing/actions.ts	createTransactionAction	/dashboard/billing	BLOCKED (307 to /login)	REFUSED (refusal in result)	REFUSED (refusal in result)	REFUSED (refusal in result)	current						
ACTION-31070FC9434F	⬜ NOT STARTED	app/(app)/dashboard/billing/actions.ts	deleteBudgetAction	/dashboard/billing	BLOCKED (307 to /login)	REFUSED (refusal in result)	REFUSED (refusal in result)	REFUSED (refusal in result)	current						
ACTION-9044433F1559	⬜ NOT STARTED	app/(app)/dashboard/billing/actions.ts	deleteSavingsGoalAction	/dashboard/billing	BLOCKED (307 to /login)	REFUSED (refusal in result)	REFUSED (refusal in result)	REFUSED (refusal in result)	current						
ACTION-8D7121FB9456	⬜ NOT STARTED	app/(app)/dashboard/billing/actions.ts	deleteTransactionAction	/dashboard/billing	BLOCKED (307 to /login)	REFUSED (refusal in result)	REFUSED (refusal in result)	REFUSED (refusal in result)	current						
ACTION-25567E8FF47B	⬜ NOT STARTED	app/(app)/dashboard/billing/actions.ts	setBudgetAction	/dashboard/billing	BLOCKED (307 to /login)	REFUSED (refusal in result)	REFUSED (refusal in result)	REFUSED (refusal in result)	current						
ACTION-F28061A6CFAD	⬜ NOT STARTED	app/(app)/dashboard/billing/value-actions.ts	loadFamilyDeliveredValueAction	/home	BLOCKED (307 to /login)	RETURNED (a value)	RETURNED (a value)	RETURNED (a value)	current						
ACTION-8116B9A0715C	⬜ NOT STARTED	app/(app)/dashboard/billing/value-comparison-actions.ts	loadFamilyValueComparisonAction	/home	BLOCKED (307 to /login)	RETURNED (a value)	RETURNED (a value)	RETURNED (a value)	current						
ACTION-A825F244E83B	⬜ NOT STARTED	app/(app)/dashboard/calendar/actions.ts	applyRoutineToCalendarAction	/dashboard/calendar	BLOCKED (307 to /login)	REFUSED (threw)	REFUSED (threw)	REFUSED (threw)	current						
ACTION-9FEB2DB251E0	⬜ NOT STARTED	app/(app)/dashboard/calendar/actions.ts	createCalendarEventAction	/dashboard/calendar	BLOCKED (307 to /login)	REFUSED (threw)	REFUSED (threw)	REFUSED (threw)	current						
ACTION-783E8E49F829	⬜ NOT STARTED	app/(app)/dashboard/calendar/actions.ts	deleteCalendarEventAction	/dashboard/calendar	BLOCKED (307 to /login)	REFUSED (refusal in result)	REFUSED (refusal in result)	REFUSED (refusal in result)	current						
ACTION-36DC69B7BB4A	⬜ NOT STARTED	app/(app)/dashboard/calendar/actions.ts	eventScheduleInsightsAction	/dashboard/calendar	BLOCKED (307 to /login)	REFUSED (refusal in result)	REFUSED (refusal in result)	REFUSED (refusal in result)	current						
ACTION-59D8A2C9CF49	⬜ NOT STARTED	app/(app)/dashboard/calendar/actions.ts	undoCalendarEventsAction	/dashboard/calendar	BLOCKED (307 to /login)	RETURNED (a value)	RETURNED (a value)	RETURNED (a value)	current						
ACTION-038A8197A4CD	⬜ NOT STARTED	app/(app)/dashboard/calendar/actions.ts	updateCalendarEventAction	/dashboard/calendar	BLOCKED (307 to /login)	REFUSED (refusal in result)	REFUSED (refusal in result)	REFUSED (refusal in result)	current						
ACTION-CD9A69A3E83C	⬜ NOT STARTED	app/(app)/dashboard/chores/actions.ts	createChoreAction	/dashboard/chores	BLOCKED (307 to /login)	REFUSED (threw)	REFUSED (threw)	REFUSED (threw)	current						
ACTION-EC21E9E7762F	⬜ NOT STARTED	app/(app)/dashboard/chores/actions.ts	deleteChoreAssignmentAction	/dashboard/chores	BLOCKED (307 to /login)	REFUSED (refusal in result)	REFUSED (refusal in result)	REFUSED (refusal in result)	current						
ACTION-664373BDE189	⬜ NOT STARTED	app/(app)/dashboard/chores/actions.ts	setChoreStatusAction	/dashboard/chores	BLOCKED (307 to /login)	REFUSED (refusal in result)	REFUSED (refusal in result)	REFUSED (refusal in result)	current						
ACTION-FF2EAC8C7918	⬜ NOT STARTED	app/(app)/dashboard/concierge-calls/actions.ts	cancelCallAction	/dashboard/concierge-calls	BLOCKED (307 to /login)	REFUSED (refusal in result)	REFUSED (refusal in result)	REFUSED (refusal in result)	current						
ACTION-86C5E5D6C26E	⬜ NOT STARTED	app/(app)/dashboard/concierge-calls/actions.ts	logCallOutcomeAction	/dashboard/concierge-calls	BLOCKED (307 to /login)	REFUSED (refusal in result)	REFUSED (refusal in result)	REFUSED (refusal in result)	current						
ACTION-51C43DE8EA7C	⬜ NOT STARTED	app/(app)/dashboard/concierge-calls/actions.ts	requestCallAction	/dashboard/concierge-calls	BLOCKED (307 to /login)	REFUSED (refusal in result)	REFUSED (threw)	REFUSED (threw)	current						
ACTION-D9CBE5F0EA78	⬜ NOT STARTED	app/(app)/dashboard/concierge-calls/actions.ts	requeueCallAction	/dashboard/concierge-calls	BLOCKED (307 to /login)	REFUSED (refusal in result)	REFUSED (refusal in result)	REFUSED (refusal in result)	current						
ACTION-868185556319	⬜ NOT STARTED	app/(app)/dashboard/concierge/actions.ts	applyConciergePlanAction	/dashboard/concierge	BLOCKED (307 to /login)	REFUSED (refusal in result)	REFUSED (refusal in result)	REFUSED (refusal in result)	stale	lib/services/memory/index.ts; lib/vacations/dates.ts; 0460 subscriptions_tracked; 0463 family_messages	BLOCKED (307 to /login)	REFUSED (refusal in result)	REFUSED (refusal in result)	REFUSED (refusal in result)	no
ACTION-BB7CCC59F13B	🔄 IN PROGRESS	app/(app)/dashboard/concierge/actions.ts	dismissQueuedRunAction	/dashboard/concierge	BLOCKED (307 to /login)	REFUSED (refusal in result)	REFUSED (refusal in result)	REFUSED (refusal in result)	stale	lib/services/memory/index.ts; lib/vacations/dates.ts; 0460 subscriptions_tracked; 0463 family_messages	BLOCKED (307 to /login)	REFUSED (refusal in result)	REFUSED (refusal in result)	REFUSED (refusal in result)	no
ACTION-AAF8BA72C390	🔄 IN PROGRESS	app/(app)/dashboard/concierge/actions.ts	executeQueuedRunAction	/dashboard/concierge	BLOCKED (307 to /login)	REFUSED (refusal in result)	REFUSED (refusal in result)	REFUSED (refusal in result)	stale	lib/services/memory/index.ts; lib/vacations/dates.ts; 0460 subscriptions_tracked; 0463 family_messages	BLOCKED (307 to /login)	REFUSED (refusal in result)	REFUSED (refusal in result)	REFUSED (refusal in result)	no
ACTION-A29C7E5C3F79	⬜ NOT STARTED	app/(app)/dashboard/concierge/actions.ts	planAcceptedAction	/dashboard/concierge	BLOCKED (307 to /login)	REFUSED (refusal in result)	REFUSED (refusal in result)	REFUSED (refusal in result)	stale	lib/services/memory/index.ts; lib/vacations/dates.ts; 0460 subscriptions_tracked; 0463 family_messages	BLOCKED (307 to /login)	REFUSED (refusal in result)	REFUSED (refusal in result)	REFUSED (refusal in result)	no
ACTION-A6BF2165755D	🔄 IN PROGRESS	app/(app)/dashboard/concierge/actions.ts	setConciergeAutopilotAction	/dashboard/concierge	BLOCKED (307 to /login)	REFUSED (refusal in result)	REFUSED (refusal in result)	REFUSED (refusal in result)	stale	lib/services/memory/index.ts; lib/vacations/dates.ts; 0460 subscriptions_tracked; 0463 family_messages	BLOCKED (307 to /login)	REFUSED (refusal in result)	REFUSED (refusal in result)	REFUSED (refusal in result)	no
ACTION-BD59E51EF937	⬜ NOT STARTED	app/(app)/dashboard/concierge/run-actions.ts	answerRunAction	/dashboard/concierge/runs/00000000-0000-4000-8000-00000000abcd	BLOCKED (307 to /login)	REFUSED (threw)	REFUSED (threw)	REFUSED (threw)	stale	lib/services/memory/index.ts; lib/vacations/dates.ts; 0460 subscriptions_tracked; 0463 family_messages	BLOCKED (307 to /login)	REFUSED (threw)	REFUSED (threw)	REFUSED (threw)	no
ACTION-FBCA9698198B	⬜ NOT STARTED	app/(app)/dashboard/concierge/run-actions.ts	askBubalyAction	/dashboard/concierge/runs/00000000-0000-4000-8000-00000000abcd	BLOCKED (307 to /login)	REFUSED (threw)	REFUSED (threw)	REFUSED (threw)	stale	lib/services/memory/index.ts; lib/vacations/dates.ts; 0460 subscriptions_tracked; 0463 family_messages	BLOCKED (307 to /login)	REFUSED (threw)	REFUSED (threw)	REFUSED (threw)	no
ACTION-D629A3638EB2	⬜ NOT STARTED	app/(app)/dashboard/concierge/run-actions.ts	controlRunAction	/dashboard/concierge/runs/00000000-0000-4000-8000-00000000abcd	BLOCKED (307 to /login)	REFUSED (refusal in result)	REFUSED (refusal in result)	REFUSED (refusal in result)	stale	lib/services/memory/index.ts; lib/vacations/dates.ts; 0460 subscriptions_tracked; 0463 family_messages	BLOCKED (307 to /login)	REFUSED (refusal in result)	REFUSED (refusal in result)	REFUSED (refusal in result)	no
ACTION-FDA40AED3CD5	⬜ NOT STARTED	app/(app)/dashboard/concierge/run-actions.ts	loadRunAction	/dashboard/concierge/runs/00000000-0000-4000-8000-00000000abcd	BLOCKED (307 to /login)	RETURNED (a value)	RETURNED (a value)	RETURNED (a value)	stale	lib/services/memory/index.ts; lib/vacations/dates.ts; 0460 subscriptions_tracked; 0463 family_messages	BLOCKED (307 to /login)	RETURNED (a value)	RETURNED (a value)	RETURNED (a value)	no
ACTION-787669E3FCD9	no row (action postdates the register)	app/(app)/dashboard/concierge/runs/[id]/page.tsx	$$RSC_SERVER_ACTION_0	/dashboard/concierge/runs/00000000-0000-4000-8000-00000000abcd	BLOCKED (307 to /login)	REFUSED (threw)	REFUSED (threw)	REFUSED (threw)	stale	lib/services/memory/index.ts; lib/vacations/dates.ts; 0460 subscriptions_tracked; 0462 marketplace_bids; 0463 family_messages	BLOCKED (307 to /login)	REFUSED (threw)	REFUSED (threw)	REFUSED (threw)	no
ACTION-4EE6E1BA998B	⬜ NOT STARTED	app/(app)/dashboard/conflicts/actions.ts	rescheduleEventAction	/dashboard/conflicts	BLOCKED (307 to /login)	REFUSED (refusal in result)	REFUSED (refusal in result)	REFUSED (refusal in result)	current						
ACTION-94F23566076E	⬜ NOT STARTED	app/(app)/dashboard/contact-center/actions.ts	assignEmailAction	/dashboard/contact-center	BLOCKED (307 to /login)	REFUSED (refusal in result)	REFUSED (refusal in result)	REFUSED (refusal in result)	stale	lib/services/memory/index.ts; lib/vacations/dates.ts; 0460 subscriptions_tracked; 0463 family_messages	BLOCKED (307 to /login)	REFUSED (refusal in result)	REFUSED (refusal in result)	REFUSED (refusal in result)	no
ACTION-FD08ADD85C8A	⬜ NOT STARTED	app/(app)/dashboard/contact-center/actions.ts	provisionNumberAction	/dashboard/contact-center	BLOCKED (307 to /login)	REFUSED (refusal in result)	REFUSED (refusal in result)	REFUSED (refusal in result)	stale	lib/services/memory/index.ts; lib/vacations/dates.ts; 0460 subscriptions_tracked; 0463 family_messages	BLOCKED (307 to /login)	REFUSED (refusal in result)	REFUSED (refusal in result)	REFUSED (refusal in result)	no
ACTION-183CAA85923F	⬜ NOT STARTED	app/(app)/dashboard/contact-center/actions.ts	setMessageStatusAction	/dashboard/contact-center	BLOCKED (307 to /login)	REFUSED (refusal in result)	REFUSED (refusal in result)	REFUSED (refusal in result)	stale	lib/services/memory/index.ts; lib/vacations/dates.ts; 0460 subscriptions_tracked; 0463 family_messages	BLOCKED (307 to /login)	REFUSED (refusal in result)	REFUSED (refusal in result)	REFUSED (refusal in result)	no
ACTION-E698D59FDBA3	⬜ NOT STARTED	app/(app)/dashboard/contact-center/actions.ts	updateConciergeAction	/dashboard/contact-center	BLOCKED (307 to /login)	REFUSED (refusal in result)	REFUSED (refusal in result)	REFUSED (refusal in result)	stale	lib/services/memory/index.ts; lib/vacations/dates.ts; 0460 subscriptions_tracked; 0463 family_messages	BLOCKED (307 to /login)	REFUSED (refusal in result)	REFUSED (refusal in result)	REFUSED (refusal in result)	no
ACTION-5692EC585B44	⬜ NOT STARTED	app/(app)/dashboard/contacts/[id]/actions.ts	deleteInteractionAction	/dashboard/contacts/00000000-0000-4000-8000-00000000abcd	BLOCKED (307 to /login)	REFUSED (threw)	REFUSED (threw)	REFUSED (threw)	stale	app/(app)/dashboard/contacts/[id]/actions.ts; lib/actions/refusal.ts	BLOCKED (307 to /login)	REFUSED (threw)	REFUSED (threw)	REFUSED (threw)	no
ACTION-4BC6CC859E7F	⬜ NOT STARTED	app/(app)/dashboard/contacts/[id]/actions.ts	draftReconnectMessageAction	/dashboard/contacts/00000000-0000-4000-8000-00000000abcd	BLOCKED (307 to /login)	REFUSED (refusal in result)	REFUSED (refusal in result)	REFUSED (refusal in result)	stale	app/(app)/dashboard/contacts/[id]/actions.ts; lib/actions/refusal.ts	BLOCKED (307 to /login)	REFUSED (refusal in result)	REFUSED (refusal in result)	REFUSED (refusal in result)	no
ACTION-C161EDDB96B7	⬜ NOT STARTED	app/(app)/dashboard/contacts/[id]/actions.ts	logInteractionAction	/dashboard/contacts/00000000-0000-4000-8000-00000000abcd	BLOCKED (307 to /login)	REFUSED (threw)	REFUSED (threw)	REFUSED (threw)	stale	app/(app)/dashboard/contacts/[id]/actions.ts; lib/actions/refusal.ts	BLOCKED (307 to /login)	REFUSED (threw)	REFUSED (threw)	REFUSED (threw)	no
ACTION-C8833C3BA0D1	⬜ NOT STARTED	app/(app)/dashboard/customize-actions.ts	logDashboardEventAction	/dashboard	BLOCKED (307 to /login)	REFUSED (refusal in result)	REFUSED (refusal in result)	REFUSED (refusal in result)	current						
ACTION-B08ADB71B9AF	⬜ NOT STARTED	app/(app)/dashboard/customize-actions.ts	resetAllLayoutsAction	/dashboard	BLOCKED (307 to /login)	REFUSED (refusal in result)	RETURNED (a value)	RETURNED (a value)	current						
ACTION-664724EB6103	⬜ NOT STARTED	app/(app)/dashboard/customize-actions.ts	resetDashboardLayoutAction	/dashboard	BLOCKED (307 to /login)	RETURNED (a value)	RETURNED (a value)	RETURNED (a value)	current						
ACTION-6DDA408B62AE	⬜ NOT STARTED	app/(app)/dashboard/customize-actions.ts	saveDashboardLayoutAction	/dashboard	BLOCKED (307 to /login)	REFUSED (threw)	REFUSED (threw)	REFUSED (threw)	current						
ACTION-2677F9A42D51	⬜ NOT STARTED	app/(app)/dashboard/customize-actions.ts	saveDashboardSettingsAction	/dashboard	BLOCKED (307 to /login)	REFUSED (refusal in result)	REFUSED (threw)	REFUSED (threw)	current						
ACTION-189AB85FF7FB	⬜ NOT STARTED	app/(app)/dashboard/customize-actions.ts	saveFamilyDefaultLayoutAction	/dashboard	BLOCKED (307 to /login)	REFUSED (refusal in result)	REFUSED (threw)	REFUSED (threw)	current						
ACTION-557354D4F82F	⬜ NOT STARTED	app/(app)/dashboard/dining/actions.ts	addRestaurantAction	/dashboard/dining	BLOCKED (307 to /login)	REFUSED (threw)	REFUSED (threw)	REFUSED (threw)	current						
ACTION-885920C91B68	⬜ NOT STARTED	app/(app)/dashboard/dining/actions.ts	logVisitAction	/dashboard/dining	BLOCKED (307 to /login)	REFUSED (threw)	REFUSED (threw)	REFUSED (threw)	current						
ACTION-E7BFD9F7072B	⬜ NOT STARTED	app/(app)/dashboard/dining/actions.ts	toggleFavoriteAction	/dashboard/dining	BLOCKED (307 to /login)	REFUSED (refusal in result)	REFUSED (refusal in result)	REFUSED (refusal in result)	current						
ACTION-9799EDE8D029	⬜ NOT STARTED	app/(app)/dashboard/family-cfo/actions.ts	assessAffordabilityAction	/dashboard/family-cfo	BLOCKED (307 to /login)	REFUSED (threw)	REFUSED (threw)	REFUSED (threw)	stale	0460 subscriptions_tracked	BLOCKED (307 to /login)	REFUSED (threw)	REFUSED (threw)	REFUSED (threw)	no
ACTION-9C8E227CD5FB	⬜ NOT STARTED	app/(app)/dashboard/family-digital-twin/actions.ts	deleteSimulationAction	/dashboard/family-digital-twin	BLOCKED (307 to /login)	REFUSED (refusal in result)	REFUSED (refusal in result)	REFUSED (refusal in result)	current						
ACTION-0EAB6903D9E2	⬜ NOT STARTED	app/(app)/dashboard/family-digital-twin/actions.ts	projectActivityAction	/dashboard/family-digital-twin	BLOCKED (307 to /login)	REFUSED (threw)	REFUSED (threw)	REFUSED (threw)	current						
ACTION-13D081167F71	⬜ NOT STARTED	app/(app)/dashboard/family-digital-twin/actions.ts	saveSimulationAction	/dashboard/family-digital-twin	BLOCKED (307 to /login)	REFUSED (threw)	REFUSED (threw)	REFUSED (threw)	current						
ACTION-0450C5505E88	⬜ NOT STARTED	app/(app)/dashboard/family-digital-twin/actions.ts	simulateDecisionAction	/dashboard/family-digital-twin	BLOCKED (307 to /login)	REFUSED (threw)	REFUSED (threw)	REFUSED (threw)	current						
ACTION-37CED65E2E35	⬜ NOT STARTED	app/(app)/dashboard/family-signals/actions.ts	refreshSignalsAction	/dashboard/family-signals	BLOCKED (307 to /login)	RETURNED (a value)	RETURNED (a value)	RETURNED (a value)	current						
ACTION-8522485B70B0	⬜ NOT STARTED	app/(app)/dashboard/family-signals/actions.ts	setSignalStatusAction	/dashboard/family-signals	BLOCKED (307 to /login)	REFUSED (refusal in result)	REFUSED (refusal in result)	REFUSED (refusal in result)	current						
ACTION-B3B4E4153D21	⬜ NOT STARTED	app/(app)/dashboard/goals/actions.ts	deleteGoalAction	/dashboard/goals	BLOCKED (307 to /login)	REFUSED (refusal in result)	REFUSED (refusal in result)	REFUSED (refusal in result)	current						
ACTION-5E65B4B68F7C	⬜ NOT STARTED	app/(app)/dashboard/goals/actions.ts	saveGoalAction	/dashboard/goals	BLOCKED (307 to /login)	REFUSED (refusal in result)	REFUSED (refusal in result)	REFUSED (refusal in result)	current						
ACTION-B26796481B72	⬜ NOT STARTED	app/(app)/dashboard/goals/actions.ts	setGoalProgressAction	/dashboard/goals	BLOCKED (307 to /login)	REFUSED (refusal in result)	REFUSED (refusal in result)	REFUSED (refusal in result)	current						
ACTION-C745FFD9BC03	⬜ NOT STARTED	app/(app)/dashboard/graph/twin-actions.ts	projectTwinAction	/dashboard/graph	BLOCKED (307 to /login)	RETURNED (a value)	RETURNED (a value)	RETURNED (a value)	current						
ACTION-FAE89EDA6446	⬜ NOT STARTED	app/(app)/dashboard/grocery/actions.ts	addGroceryItemsAction	/dashboard/meals	BLOCKED (307 to /login)	REFUSED (refusal in result)	REFUSED (refusal in result)	REFUSED (refusal in result)	current						
ACTION-0EE694AB25F2	⬜ NOT STARTED	app/(app)/dashboard/grocery/actions.ts	addMealPlanToGroceryListAction	/dashboard/meals	BLOCKED (307 to /login)	REFUSED (refusal in result)	REFUSED (refusal in result)	REFUSED (refusal in result)	current						
ACTION-4E887905D377	⬜ NOT STARTED	app/(app)/dashboard/grocery/actions.ts	clearCheckedGroceriesAction	/dashboard/meals	BLOCKED (307 to /login)	REFUSED (refusal in result)	REFUSED (refusal in result)	REFUSED (refusal in result)	current						
ACTION-06A3F4E73165	⬜ NOT STARTED	app/(app)/dashboard/grocery/actions.ts	recordShoppingTripAction	/dashboard/meals	BLOCKED (307 to /login)	REFUSED (refusal in result)	REFUSED (refusal in result)	REFUSED (refusal in result)	current						
ACTION-8837CE631C1C	⬜ NOT STARTED	app/(app)/dashboard/grocery/actions.ts	removeGroceryItemAction	/dashboard/meals	BLOCKED (307 to /login)	REFUSED (refusal in result)	REFUSED (refusal in result)	REFUSED (refusal in result)	current						
ACTION-4338DE1FC8D8	⬜ NOT STARTED	app/(app)/dashboard/grocery/actions.ts	setGroceryItemCheckedAction	/dashboard/meals	BLOCKED (307 to /login)	REFUSED (refusal in result)	REFUSED (refusal in result)	REFUSED (refusal in result)	current						
ACTION-511E8EAE5D3F	⬜ NOT STARTED	app/(app)/dashboard/home/actions.ts	deleteContractorAction	/dashboard/home/pros	BLOCKED (307 to /login)	REFUSED (threw)	REFUSED (threw)	REFUSED (threw)	stale	app/(app)/dashboard/home/actions.ts; lib/actions/refusal.ts	BLOCKED (307 to /login)	REFUSED (threw ACTION_REFUSED:invalid)	REFUSED (threw ACTION_REFUSED:invalid)	REFUSED (threw ACTION_REFUSED:invalid)	no
ACTION-519195A63714	⬜ NOT STARTED	app/(app)/dashboard/home/actions.ts	deleteServiceRecordAction	/dashboard/home/pros	BLOCKED (307 to /login)	REFUSED (threw)	REFUSED (threw)	REFUSED (threw)	stale	app/(app)/dashboard/home/actions.ts; lib/actions/refusal.ts	BLOCKED (307 to /login)	REFUSED (threw ACTION_REFUSED:invalid)	REFUSED (threw ACTION_REFUSED:invalid)	REFUSED (threw ACTION_REFUSED:invalid)	no
ACTION-D4AB4A7E1598	⬜ NOT STARTED	app/(app)/dashboard/home/actions.ts	deleteWarrantyAction	/dashboard/home/pros	BLOCKED (307 to /login)	REFUSED (threw)	REFUSED (threw)	REFUSED (threw)	stale	app/(app)/dashboard/home/actions.ts; lib/actions/refusal.ts	BLOCKED (307 to /login)	REFUSED (threw ACTION_REFUSED:invalid)	REFUSED (threw ACTION_REFUSED:invalid)	REFUSED (threw ACTION_REFUSED:invalid)	no
ACTION-5C383A793E23	⬜ NOT STARTED	app/(app)/dashboard/home/actions.ts	saveContractorAction	/dashboard/home/pros	BLOCKED (307 to /login)	REFUSED (threw)	REFUSED (threw)	REFUSED (threw)	stale	app/(app)/dashboard/home/actions.ts; lib/actions/refusal.ts	BLOCKED (307 to /login)	REFUSED (threw)	REFUSED (threw)	REFUSED (threw)	no
ACTION-006967105DCD	⬜ NOT STARTED	app/(app)/dashboard/home/actions.ts	saveServiceRecordAction	/dashboard/home/pros	BLOCKED (307 to /login)	REFUSED (threw)	REFUSED (threw)	REFUSED (threw)	stale	app/(app)/dashboard/home/actions.ts; lib/actions/refusal.ts	BLOCKED (307 to /login)	REFUSED (threw)	REFUSED (threw)	REFUSED (threw)	no
ACTION-32EEEB118D20	⬜ NOT STARTED	app/(app)/dashboard/home/actions.ts	saveWarrantyAction	/dashboard/home/pros	BLOCKED (307 to /login)	REFUSED (threw)	REFUSED (threw)	REFUSED (threw)	stale	app/(app)/dashboard/home/actions.ts; lib/actions/refusal.ts	BLOCKED (307 to /login)	REFUSED (threw)	REFUSED (threw)	REFUSED (threw)	no
ACTION-DD076FC781C8	⬜ NOT STARTED	app/(app)/dashboard/home/actions.ts	scheduleRecommendedTasksAction	/dashboard/home/pros	BLOCKED (307 to /login)	REFUSED (refusal in result)	REFUSED (refusal in result)	REFUSED (refusal in result)	stale	app/(app)/dashboard/home/actions.ts; lib/actions/refusal.ts	BLOCKED (307 to /login)	REFUSED (refusal in result)	REFUSED (refusal in result)	REFUSED (refusal in result)	no
ACTION-201D33862E34	⬜ NOT STARTED	app/(app)/dashboard/inbox/actions.ts	archiveInboxMessageAction	/dashboard/inbox	BLOCKED (307 to /login)	REFUSED (refusal in result)	REFUSED (refusal in result)	REFUSED (refusal in result)	stale	lib/services/memory/index.ts; lib/vacations/dates.ts; 0460 subscriptions_tracked; 0463 family_messages	BLOCKED (307 to /login)	REFUSED (refusal in result)	REFUSED (refusal in result)	REFUSED (refusal in result)	no
ACTION-B979DD7EA29A	⬜ NOT STARTED	app/(app)/dashboard/inbox/actions.ts	handleInboxMessageAction	/dashboard/inbox	BLOCKED (307 to /login)	REFUSED (refusal in result)	REFUSED (refusal in result)	REFUSED (refusal in result)	stale	lib/services/memory/index.ts; lib/vacations/dates.ts; 0460 subscriptions_tracked; 0463 family_messages	BLOCKED (307 to /login)	REFUSED (refusal in result)	REFUSED (refusal in result)	REFUSED (refusal in result)	no
ACTION-DFACF8805CFF	🔄 IN PROGRESS	app/(app)/dashboard/independence/actions.ts	achieveMilestoneAction	/dashboard/independence	BLOCKED (307 to /login)	REFUSED (refusal in result)	REFUSED (refusal in result)	REFUSED (refusal in result)	current						
ACTION-8FA22E77AF99	🔄 IN PROGRESS	app/(app)/dashboard/independence/actions.ts	skipMilestoneAction	/dashboard/independence	BLOCKED (307 to /login)	REFUSED (refusal in result)	REFUSED (refusal in result)	REFUSED (refusal in result)	current						
ACTION-BA6D9C001E47	🔄 IN PROGRESS	app/(app)/dashboard/independence/actions.ts	startMilestoneAction	/dashboard/independence	BLOCKED (307 to /login)	REFUSED (refusal in result)	REFUSED (refusal in result)	REFUSED (refusal in result)	current						
ACTION-632D1C4485C5	⬜ NOT STARTED	app/(app)/dashboard/insight-actions.ts	actOnInsightAction	/dashboard	BLOCKED (307 to /login)	REFUSED (refusal in result)	REFUSED (refusal in result)	REFUSED (refusal in result)	current						
ACTION-F86C1B82654C	⬜ NOT STARTED	app/(app)/dashboard/insight-actions.ts	dismissInsightAction	/dashboard	BLOCKED (307 to /login)	REFUSED (refusal in result)	REFUSED (refusal in result)	REFUSED (refusal in result)	current						
ACTION-1153C80AAF7F	⬜ NOT STARTED	app/(app)/dashboard/kitchen/actions.ts	addLeftoverAction	/dashboard/kitchen	BLOCKED (307 to /login)	REFUSED (threw)	REFUSED (threw)	REFUSED (threw)	current						
ACTION-76FAFB715AEE	⬜ NOT STARTED	app/(app)/dashboard/kitchen/actions.ts	deleteLeftoverAction	/dashboard/kitchen	BLOCKED (307 to /login)	REFUSED (threw)	REFUSED (threw)	REFUSED (threw)	current						
ACTION-A7A7EDE23299	⬜ NOT STARTED	app/(app)/dashboard/kitchen/actions.ts	snapshotFoodScoreAction	/dashboard/kitchen	BLOCKED (307 to /login)	REFUSED (threw)	REFUSED (threw)	REFUSED (threw)	current						
ACTION-1529E29192D5	⬜ NOT STARTED	app/(app)/dashboard/kitchen/actions.ts	updateLeftoverStatusAction	/dashboard/kitchen	BLOCKED (307 to /login)	REFUSED (threw)	REFUSED (threw)	REFUSED (threw)	current						
ACTION-A4B8E175C5FC	⬜ NOT STARTED	app/(app)/dashboard/knowledge/actions.ts	forgetFactAction	/dashboard/knowledge	BLOCKED (307 to /login)	REFUSED (refusal in result)	REFUSED (refusal in result)	REFUSED (refusal in result)	stale	lib/services/memory/index.ts	BLOCKED (307 to /login)	REFUSED (refusal in result)	REFUSED (refusal in result)	REFUSED (refusal in result)	no
ACTION-83696258D19C	⬜ NOT STARTED	app/(app)/dashboard/knowledge/actions.ts	saveFactAction	/dashboard/knowledge	BLOCKED (307 to /login)	REFUSED (refusal in result)	REFUSED (refusal in result)	REFUSED (refusal in result)	stale	lib/services/memory/index.ts	BLOCKED (307 to /login)	REFUSED (refusal in result)	REFUSED (refusal in result)	REFUSED (refusal in result)	no
ACTION-C3C601C7C299	⬜ NOT STARTED	app/(app)/dashboard/knowledge/actions.ts	setFactPinnedAction	/dashboard/knowledge	BLOCKED (307 to /login)	REFUSED (refusal in result)	REFUSED (refusal in result)	REFUSED (refusal in result)	stale	lib/services/memory/index.ts	BLOCKED (307 to /login)	REFUSED (refusal in result)	REFUSED (refusal in result)	REFUSED (refusal in result)	no
ACTION-BFAA74E0C4FE	no row (action postdates the register)	app/(app)/dashboard/library/actions.ts	addBookAction	/dashboard/library	BLOCKED (307 to /login)	REFUSED (threw)	REFUSED (threw)	REFUSED (threw)	current						
ACTION-F3AC8A6C2E1D	no row (action postdates the register)	app/(app)/dashboard/library/actions.ts	refreshFeedAction	/dashboard/library	BLOCKED (307 to /login)	REFUSED (refusal in result)	REFUSED (refusal in result)	REFUSED (refusal in result)	current						
ACTION-86DDF0156A9D	no row (action postdates the register)	app/(app)/dashboard/library/actions.ts	saveProgressAction	/dashboard/library	BLOCKED (307 to /login)	REFUSED (refusal in result)	REFUSED (refusal in result)	REFUSED (refusal in result)	current						
ACTION-B3F17CEDFF9B	no row (action postdates the register)	app/(app)/dashboard/library/actions.ts	subscribeFeedAction	/dashboard/library	BLOCKED (307 to /login)	REFUSED (threw)	REFUSED (threw)	REFUSED (threw)	current						
ACTION-E69528A3174C	no row (action postdates the register)	app/(app)/dashboard/library/actions.ts	unsubscribeFeedAction	/dashboard/library	BLOCKED (307 to /login)	REFUSED (refusal in result)	REFUSED (refusal in result)	REFUSED (refusal in result)	current						
ACTION-545BEF9BFE45	⬜ NOT STARTED	app/(app)/dashboard/life-event-actions.ts	launchLifeEventAction	/dashboard/life-events	BLOCKED (307 to /login)	REFUSED (refusal in result)	REFUSED (refusal in result)	REFUSED (refusal in result)	stale	0460 subscriptions_tracked	BLOCKED (307 to /login)	REFUSED (refusal in result)	REFUSED (refusal in result)	REFUSED (refusal in result)	no
ACTION-F4D4116828A1	⬜ NOT STARTED	app/(app)/dashboard/life-event-actions.ts	setLifeEventStatusAction	/dashboard/life-events	BLOCKED (307 to /login)	REFUSED (refusal in result)	REFUSED (refusal in result)	REFUSED (refusal in result)	stale	0460 subscriptions_tracked	BLOCKED (307 to /login)	REFUSED (refusal in result)	REFUSED (refusal in result)	REFUSED (refusal in result)	no
ACTION-9A1F079806FF	🔄 IN PROGRESS	app/(app)/dashboard/locator/actions.ts	deletePlace	/dashboard/locator	BLOCKED (307 to /login)	REFUSED (refusal in result)	REFUSED (refusal in result)	REFUSED (refusal in result)	current						
ACTION-DCF9C14AD2D4	🔄 IN PROGRESS	app/(app)/dashboard/locator/actions.ts	savePlace	/dashboard/locator	BLOCKED (307 to /login)	REFUSED (refusal in result)	REFUSED (threw)	REFUSED (threw)	current						
ACTION-16D000B65EB5	🔄 IN PROGRESS	app/(app)/dashboard/locator/actions.ts	setGeofenceEnabled	/dashboard/locator	BLOCKED (307 to /login)	REFUSED (refusal in result)	REFUSED (refusal in result)	REFUSED (refusal in result)	current						
ACTION-7EC0FD404B79	⬜ NOT STARTED	app/(app)/dashboard/locator/actions.ts	setLocationSharing	/dashboard/locator	BLOCKED (307 to /login)	RETURNED (a value)	RETURNED (a value)	RETURNED (a value)	current						
ACTION-D51DF328F97F	⬜ NOT STARTED	app/(app)/dashboard/locator/actions.ts	updateMyLocation	/dashboard/locator	BLOCKED (307 to /login)	REFUSED (threw)	REFUSED (threw)	REFUSED (threw)	current						
ACTION-73DB0E2176B9	no row (action postdates the register)	app/(app)/dashboard/meals/actions.ts	createMealAction	/dashboard/meals	BLOCKED (307 to /login)	REFUSED (refusal in result)	REFUSED (refusal in result)	REFUSED (refusal in result)	current						
ACTION-1A67F7331B29	⬜ NOT STARTED	app/(app)/dashboard/meals/actions.ts	planMealAction	/dashboard/meals	BLOCKED (307 to /login)	REFUSED (refusal in result)	REFUSED (refusal in result)	REFUSED (refusal in result)	current						
ACTION-91AEADE5CC7B	⬜ NOT STARTED	app/(app)/dashboard/meals/actions.ts	removeMealPlanAction	/dashboard/meals	BLOCKED (307 to /login)	REFUSED (refusal in result)	REFUSED (refusal in result)	REFUSED (refusal in result)	current						
ACTION-06C82E2828E8	⬜ NOT STARTED	app/(app)/dashboard/migrate/actions.ts	commitImport	/dashboard/migrate	BLOCKED (307 to /login)	REFUSED (threw)	REFUSED (threw)	REFUSED (threw)	stale	app/(app)/dashboard/migrate/actions.ts; lib/migrate/resolve.ts	BLOCKED (307 to /login)	REFUSED (threw)	REFUSED (threw)	REFUSED (threw)	no
ACTION-2F9CFA288C8F	⬜ NOT STARTED	app/(app)/dashboard/migrate/actions.ts	prepareImport	/dashboard/migrate	BLOCKED (307 to /login)	REFUSED (threw)	REFUSED (threw)	REFUSED (threw)	stale	app/(app)/dashboard/migrate/actions.ts; lib/migrate/resolve.ts	BLOCKED (307 to /login)	REFUSED (threw)	REFUSED (threw)	REFUSED (threw)	no
ACTION-9FAA2BF77E5F	🔄 IN PROGRESS	app/(app)/dashboard/moment-actions.ts	addMomentGroceryAction	/home	BLOCKED (307 to /login)	REFUSED (threw)	REFUSED (threw)	REFUSED (threw)	stale	app/(app)/dashboard/moment-actions.ts	BLOCKED (307 to /login)	REFUSED (threw)	REFUSED (threw)	REFUSED (threw)	no
ACTION-ED73CED91B24	⬜ NOT STARTED	app/(app)/dashboard/moment-actions.ts	createMomentReminderAction	/home	BLOCKED (307 to /login)	REFUSED (threw)	REFUSED (threw)	REFUSED (threw)	stale	app/(app)/dashboard/moment-actions.ts	BLOCKED (307 to /login)	REFUSED (threw)	REFUSED (threw)	REFUSED (threw)	no
ACTION-1A3AD1A02F9E	⬜ NOT STARTED	app/(app)/dashboard/moment-actions.ts	loadMomentPrep	/home	BLOCKED (307 to /login)	RETURNED (a value)	RETURNED (a value)	RETURNED (a value)	stale	app/(app)/dashboard/moment-actions.ts	BLOCKED (307 to /login)	RETURNED (a value)	RETURNED (a value)	RETURNED (a value)	no
ACTION-59FEC0DE848A	⬜ NOT STARTED	app/(app)/dashboard/moment-actions.ts	removeMomentGroceryAction	/home	BLOCKED (307 to /login)	REFUSED (threw)	REFUSED (threw)	REFUSED (threw)	stale	app/(app)/dashboard/moment-actions.ts	BLOCKED (307 to /login)	REFUSED (threw)	REFUSED (threw)	REFUSED (threw)	no
ACTION-1AEED72D9878	⬜ NOT STARTED	app/(app)/dashboard/moment-actions.ts	setMomentPrepDoneAction	/home	BLOCKED (307 to /login)	REFUSED (threw)	REFUSED (threw)	REFUSED (threw)	stale	app/(app)/dashboard/moment-actions.ts	BLOCKED (307 to /login)	REFUSED (threw)	REFUSED (threw)	REFUSED (threw)	no
ACTION-94972CCF8DD8	⬜ NOT STARTED	app/(app)/dashboard/moments/actions.ts	dismissMomentAction	/dashboard/moments	BLOCKED (307 to /login)	REFUSED (refusal in result)	REFUSED (refusal in result)	REFUSED (refusal in result)	current						
ACTION-0D464B09E078	⬜ NOT STARTED	app/(app)/dashboard/moments/actions.ts	engageMomentAction	/dashboard/moments	BLOCKED (307 to /login)	REFUSED (refusal in result)	REFUSED (refusal in result)	REFUSED (refusal in result)	current						
ACTION-345E2D2E981B	⬜ NOT STARTED	app/(app)/dashboard/money-timeline/actions.ts	setMoneyInsightStatusAction	/dashboard/money-timeline	BLOCKED (307 to /login)	REFUSED (refusal in result)	REFUSED (refusal in result)	REFUSED (refusal in result)	stale	0460 subscriptions_tracked	BLOCKED (307 to /login)	REFUSED (refusal in result)	REFUSED (refusal in result)	REFUSED (refusal in result)	no
ACTION-78A06636ED27	⬜ NOT STARTED	app/(app)/dashboard/money-timeline/actions.ts	syncMoneyInsightsAction	/dashboard/money-timeline	BLOCKED (307 to /login)	REFUSED (refusal in result)	RETURNED (a value)	RETURNED (a value)	stale	0460 subscriptions_tracked	BLOCKED (307 to /login)	REFUSED (refusal in result)	RETURNED (a value)	RETURNED (a value)	no
ACTION-C5EF1ECD4052	⬜ NOT STARTED	app/(app)/dashboard/navigation-actions.ts	loadSidebarPrefs	/home	BLOCKED (307 to /login)	RETURNED (a value)	RETURNED (a value)	RETURNED (a value)	stale	lib/constants/navigation.ts	BLOCKED (307 to /login)	RETURNED (a value)	RETURNED (a value)	RETURNED (a value)	no
ACTION-0C414E002599	⬜ NOT STARTED	app/(app)/dashboard/navigation-actions.ts	saveSidebarNavAction	/home	BLOCKED (307 to /login)	REFUSED (refusal in result)	REFUSED (refusal in result)	REFUSED (refusal in result)	stale	lib/constants/navigation.ts	BLOCKED (307 to /login)	REFUSED (refusal in result)	REFUSED (refusal in result)	REFUSED (refusal in result)	no
ACTION-3C3E8B92B091	⬜ NOT STARTED	app/(app)/dashboard/needs-you/actions.ts	archiveInboxMessageAction	/home	BLOCKED (307 to /login)	REFUSED (refusal in result)	REFUSED (refusal in result)	REFUSED (refusal in result)	stale	lib/services/memory/index.ts	BLOCKED (307 to /login)	REFUSED (refusal in result)	REFUSED (refusal in result)	REFUSED (refusal in result)	no
ACTION-2DCA2954497B	⬜ NOT STARTED	app/(app)/dashboard/needs-you/actions.ts	confirmFactSuggestionAction	/home	BLOCKED (307 to /login)	REFUSED (refusal in result)	REFUSED (refusal in result)	REFUSED (refusal in result)	stale	lib/services/memory/index.ts	BLOCKED (307 to /login)	REFUSED (refusal in result)	REFUSED (refusal in result)	REFUSED (refusal in result)	no
ACTION-AA44E6041AFD	⬜ NOT STARTED	app/(app)/dashboard/needs-you/actions.ts	dismissFactSuggestionAction	/home	BLOCKED (307 to /login)	REFUSED (refusal in result)	REFUSED (refusal in result)	REFUSED (refusal in result)	stale	lib/services/memory/index.ts	BLOCKED (307 to /login)	REFUSED (refusal in result)	REFUSED (refusal in result)	REFUSED (refusal in result)	no
ACTION-06405B2537DE	⬜ NOT STARTED	app/(app)/dashboard/notes/actions.ts	deleteNoteAction	/dashboard/notes	BLOCKED (307 to /login)	REFUSED (refusal in result)	REFUSED (refusal in result)	REFUSED (refusal in result)	current						
ACTION-F1089720B176	⬜ NOT STARTED	app/(app)/dashboard/notes/actions.ts	duplicateNoteAction	/dashboard/notes	BLOCKED (307 to /login)	REFUSED (refusal in result)	REFUSED (refusal in result)	REFUSED (refusal in result)	current						
ACTION-F6A01A5733FD	⬜ NOT STARTED	app/(app)/dashboard/notes/actions.ts	saveNoteAction	/dashboard/notes	BLOCKED (307 to /login)	REFUSED (refusal in result)	REFUSED (refusal in result)	REFUSED (refusal in result)	current						
ACTION-73BFC71CAD3A	⬜ NOT STARTED	app/(app)/dashboard/notes/actions.ts	setNotePinnedAction	/dashboard/notes	BLOCKED (307 to /login)	REFUSED (refusal in result)	REFUSED (refusal in result)	REFUSED (refusal in result)	current						
ACTION-C144B7C6CB81	⬜ NOT STARTED	app/(app)/dashboard/pantry/actions.ts	adjustPantryQuantityAction	/dashboard/pantry	BLOCKED (307 to /login)	REFUSED (refusal in result)	REFUSED (refusal in result)	REFUSED (refusal in result)	current						
ACTION-CF5B816455B8	⬜ NOT STARTED	app/(app)/dashboard/pantry/actions.ts	removePantryItemAction	/dashboard/pantry	BLOCKED (307 to /login)	REFUSED (refusal in result)	REFUSED (refusal in result)	REFUSED (refusal in result)	current						
ACTION-CF58A1319822	⬜ NOT STARTED	app/(app)/dashboard/pantry/actions.ts	savePantryItemAction	/dashboard/pantry	BLOCKED (307 to /login)	REFUSED (refusal in result)	REFUSED (refusal in result)	REFUSED (refusal in result)	current						
ACTION-CD1E12585CD4	⬜ NOT STARTED	app/(app)/dashboard/paperwork/actions.ts	addPaperworkAction	/dashboard/paperwork	BLOCKED (307 to /login)	REFUSED (threw)	REFUSED (threw)	REFUSED (threw)	stale	app/(app)/dashboard/paperwork/actions.ts; lib/actions/refusal.ts	BLOCKED (307 to /login)	REFUSED (threw)	REFUSED (threw)	REFUSED (threw)	no
ACTION-C511C4594D9C	⬜ NOT STARTED	app/(app)/dashboard/paperwork/actions.ts	draftPaperworkReplyAction	/dashboard/paperwork	BLOCKED (307 to /login)	REFUSED (refusal in result)	REFUSED (refusal in result)	REFUSED (refusal in result)	stale	app/(app)/dashboard/paperwork/actions.ts; lib/actions/refusal.ts	BLOCKED (307 to /login)	REFUSED (refusal in result)	REFUSED (refusal in result)	REFUSED (refusal in result)	no
ACTION-ECFFB30B78F2	⬜ NOT STARTED	app/(app)/dashboard/paperwork/actions.ts	materializePaperworkActionAction	/dashboard/paperwork	BLOCKED (307 to /login)	REFUSED (threw)	REFUSED (threw)	REFUSED (threw)	stale	app/(app)/dashboard/paperwork/actions.ts; lib/actions/refusal.ts	BLOCKED (307 to /login)	REFUSED (threw)	REFUSED (threw)	REFUSED (threw)	no
ACTION-BB47512A2540	⬜ NOT STARTED	app/(app)/dashboard/paperwork/actions.ts	setPaperworkStatusAction	/dashboard/paperwork	BLOCKED (307 to /login)	REFUSED (threw)	REFUSED (threw)	REFUSED (threw)	stale	app/(app)/dashboard/paperwork/actions.ts; lib/actions/refusal.ts	BLOCKED (307 to /login)	REFUSED (threw)	REFUSED (threw)	REFUSED (threw)	no
ACTION-749B60DB8A71	⬜ NOT STARTED	app/(app)/dashboard/playbook/playbook-actions.ts	acceptSuggestionAction	/dashboard/playbook	BLOCKED (307 to /login)	REFUSED (refusal in result)	REFUSED (refusal in result)	REFUSED (refusal in result)	stale	app/(app)/dashboard/playbook/playbook-actions.ts; lib/services/memory/index.ts	BLOCKED (307 to /login)	REFUSED (refusal in result)	REFUSED (refusal in result)	REFUSED (refusal in result)	no
ACTION-02925240D5D8	⬜ NOT STARTED	app/(app)/dashboard/playbook/playbook-actions.ts	dismissSuggestionAction	/dashboard/playbook	BLOCKED (307 to /login)	REFUSED (refusal in result)	REFUSED (refusal in result)	REFUSED (refusal in result)	stale	app/(app)/dashboard/playbook/playbook-actions.ts; lib/services/memory/index.ts	BLOCKED (307 to /login)	REFUSED (refusal in result)	REFUSED (refusal in result)	REFUSED (refusal in result)	no
ACTION-FB26742D7D6C	⬜ NOT STARTED	app/(app)/dashboard/playbook/playbook-actions.ts	refreshPlaybookAction	/dashboard/playbook	BLOCKED (307 to /login)	RETURNED (a value)	RETURNED (a value)	RETURNED (a value)	stale	app/(app)/dashboard/playbook/playbook-actions.ts; lib/services/memory/index.ts	BLOCKED (307 to /login)	RETURNED (a value)	RETURNED (a value)	RETURNED (a value)	no
ACTION-FB1C60C3CE5A	⬜ NOT STARTED	app/(app)/dashboard/prep-plans/prep-actions.ts	generatePrepPlansAction	/dashboard/prep-plans	BLOCKED (307 to /login)	RETURNED (a value)	RETURNED (a value)	RETURNED (a value)	stale	lib/planning/prep-server.ts	BLOCKED (307 to /login)	RETURNED (a value)	RETURNED (a value)	RETURNED (a value)	no
ACTION-A027C4B03998	⬜ NOT STARTED	app/(app)/dashboard/recipes/discover/actions.ts	saveDiscoveredRecipe	/dashboard/recipes/discover	BLOCKED (307 to /login)	REFUSED (threw)	REFUSED (threw)	REFUSED (threw)	current						
ACTION-57E2B828AEF1	⬜ NOT STARTED	app/(app)/dashboard/recipes/vote/actions.ts	addWinnerToGrocery	/dashboard/recipes/vote	BLOCKED (307 to /login)	REFUSED (refusal in result)	REFUSED (refusal in result)	REFUSED (refusal in result)	stale	app/(app)/dashboard/recipes/vote/actions.ts	BLOCKED (307 to /login)	REFUSED (refusal in result)	REFUSED (refusal in result)	REFUSED (refusal in result)	no
ACTION-CBBE36D1F20D	⬜ NOT STARTED	app/(app)/dashboard/recipes/vote/actions.ts	castBallot	/dashboard/recipes/vote	BLOCKED (307 to /login)	REFUSED (threw)	REFUSED (threw)	REFUSED (threw)	stale	app/(app)/dashboard/recipes/vote/actions.ts	BLOCKED (307 to /login)	REFUSED (threw)	REFUSED (threw)	REFUSED (threw)	no
ACTION-86A2E89027E6	⬜ NOT STARTED	app/(app)/dashboard/recipes/vote/actions.ts	closeMealVote	/dashboard/recipes/vote	BLOCKED (307 to /login)	REFUSED (refusal in result)	REFUSED (refusal in result)	REFUSED (refusal in result)	stale	app/(app)/dashboard/recipes/vote/actions.ts	BLOCKED (307 to /login)	REFUSED (refusal in result)	REFUSED (refusal in result)	REFUSED (refusal in result)	no
ACTION-4AF60B043671	⬜ NOT STARTED	app/(app)/dashboard/recipes/vote/actions.ts	createMealVote	/dashboard/recipes/vote	BLOCKED (307 to /login)	REFUSED (threw)	REFUSED (threw)	REFUSED (threw)	stale	app/(app)/dashboard/recipes/vote/actions.ts	BLOCKED (307 to /login)	REFUSED (threw)	REFUSED (threw)	REFUSED (threw)	no
ACTION-3E2448BE3727	⬜ NOT STARTED	app/(app)/dashboard/recipes/vote/actions.ts	reopenMealVote	/dashboard/recipes/vote	BLOCKED (307 to /login)	REFUSED (refusal in result)	REFUSED (refusal in result)	REFUSED (refusal in result)	stale	app/(app)/dashboard/recipes/vote/actions.ts	BLOCKED (307 to /login)	REFUSED (refusal in result)	REFUSED (refusal in result)	REFUSED (refusal in result)	no
ACTION-39B5301E5FB2	⬜ NOT STARTED	app/(app)/dashboard/relationship/actions.ts	toggleDateOnCalendarAction	/dashboard/relationship	BLOCKED (307 to /login)	REFUSED (refusal in result)	REFUSED (refusal in result)	REFUSED (refusal in result)	current						
ACTION-4DDEA9C8979E	⬜ NOT STARTED	app/(app)/dashboard/reminders/actions.ts	createReminderAction	/dashboard/inbox	BLOCKED (307 to /login)	REFUSED (threw)	REFUSED (threw)	REFUSED (threw)	current						
ACTION-6D0F54B75EC1	⬜ NOT STARTED	app/(app)/dashboard/reminders/actions.ts	deleteReminderAction	/dashboard/inbox	BLOCKED (307 to /login)	REFUSED (refusal in result)	REFUSED (refusal in result)	REFUSED (refusal in result)	current						
ACTION-231CFD9291F4	⬜ NOT STARTED	app/(app)/dashboard/reminders/actions.ts	snoozeReminderAction	/dashboard/inbox	BLOCKED (307 to /login)	REFUSED (refusal in result)	REFUSED (refusal in result)	REFUSED (refusal in result)	current						
ACTION-B1F1A5BB67EA	no row (action postdates the register)	app/(app)/dashboard/rewards/actions.ts	decideRedemptionAction	/dashboard/chores	BLOCKED (307 to /login)	REFUSED (refusal in result)	REFUSED (refusal in result)	REFUSED (refusal in result)	current						
ACTION-82773087CA67	no row (action postdates the register)	app/(app)/dashboard/rewards/actions.ts	requestRedemptionAction	/dashboard/chores	BLOCKED (307 to /login)	REFUSED (refusal in result)	REFUSED (refusal in result)	REFUSED (refusal in result)	current						
ACTION-949C04ABC5DB	⬜ NOT STARTED	app/(app)/dashboard/school/actions.ts	proposeFrontDeskAction	/dashboard/school	BLOCKED (307 to /login)	REFUSED (refusal in result)	REFUSED (refusal in result)	REFUSED (refusal in result)	stale	lib/services/memory/index.ts; lib/vacations/dates.ts; 0460 subscriptions_tracked; 0463 family_messages	BLOCKED (307 to /login)	REFUSED (refusal in result)	REFUSED (refusal in result)	REFUSED (refusal in result)	no
ACTION-A549F00E8641	⬜ NOT STARTED	app/(app)/dashboard/search/actions.ts	searchRecordsAction	/home	BLOCKED (307 to /login)	RETURNED (a value)	RETURNED (a value)	RETURNED (a value)	current						
ACTION-642602E9A881	⬜ NOT STARTED	app/(app)/dashboard/settings/ai-actions.ts	clearAiMemoryAction	/family/settings	BLOCKED (307 to /login)	REFUSED (refusal in result)	RETURNED (a value)	RETURNED (a value)	stale	lib/services/memory/index.ts	BLOCKED (307 to /login)	REFUSED (refusal in result)	RETURNED (a value)	RETURNED (a value)	no
ACTION-C70E7D20BC6E	⬜ NOT STARTED	app/(app)/dashboard/settings/ai-actions.ts	confirmAiMemoryAction	/family/settings	BLOCKED (307 to /login)	REFUSED (refusal in result)	REFUSED (refusal in result)	REFUSED (refusal in result)	stale	lib/services/memory/index.ts	BLOCKED (307 to /login)	REFUSED (refusal in result)	REFUSED (refusal in result)	REFUSED (refusal in result)	no
ACTION-1504D74E776D	⬜ NOT STARTED	app/(app)/dashboard/settings/ai-actions.ts	forgetAiMemoryAction	/family/settings	BLOCKED (307 to /login)	REFUSED (refusal in result)	REFUSED (refusal in result)	REFUSED (refusal in result)	stale	lib/services/memory/index.ts	BLOCKED (307 to /login)	REFUSED (refusal in result)	REFUSED (refusal in result)	REFUSED (refusal in result)	no
ACTION-559FD267EC97	⬜ NOT STARTED	app/(app)/dashboard/settings/ai-actions.ts	forgetRoutineAction	/family/settings	BLOCKED (307 to /login)	REFUSED (refusal in result)	REFUSED (refusal in result)	REFUSED (refusal in result)	stale	lib/services/memory/index.ts	BLOCKED (307 to /login)	REFUSED (refusal in result)	REFUSED (refusal in result)	REFUSED (refusal in result)	no
ACTION-67ABBCD07C3A	⬜ NOT STARTED	app/(app)/dashboard/settings/ai-actions.ts	loadAISettingsAction	/family/settings	BLOCKED (307 to /login)	RETURNED (a value)	RETURNED (a value)	RETURNED (a value)	stale	lib/services/memory/index.ts	BLOCKED (307 to /login)	RETURNED (a value)	RETURNED (a value)	RETURNED (a value)	no
ACTION-171543AFD011	⬜ NOT STARTED	app/(app)/dashboard/settings/ai-actions.ts	loadAiMemoryAction	/family/settings	BLOCKED (307 to /login)	RETURNED (a value)	RETURNED (a value)	RETURNED (a value)	stale	lib/services/memory/index.ts	BLOCKED (307 to /login)	RETURNED (a value)	RETURNED (a value)	RETURNED (a value)	no
ACTION-D84503619E8A	⬜ NOT STARTED	app/(app)/dashboard/settings/ai-actions.ts	resetMemberTraitsAction	/family/settings	BLOCKED (307 to /login)	REFUSED (refusal in result)	REFUSED (refusal in result)	REFUSED (refusal in result)	stale	lib/services/memory/index.ts	BLOCKED (307 to /login)	REFUSED (refusal in result)	REFUSED (refusal in result)	REFUSED (refusal in result)	no
ACTION-D0411EA3236B	⬜ NOT STARTED	app/(app)/dashboard/settings/ai-actions.ts	saveAISettingsAction	/family/settings	BLOCKED (307 to /login)	REFUSED (refusal in result)	REFUSED (refusal in result)	REFUSED (refusal in result)	stale	lib/services/memory/index.ts	BLOCKED (307 to /login)	REFUSED (refusal in result)	REFUSED (refusal in result)	REFUSED (refusal in result)	no
ACTION-B9402DBBD22E	⬜ NOT STARTED	app/(app)/dashboard/settings/profile-actions.ts	getProfileStateAction	/dashboard/settings	BLOCKED (307 to /login)	RETURNED (a value)	RETURNED (a value)	RETURNED (a value)	current						
ACTION-AB19B9275099	⬜ NOT STARTED	app/(app)/dashboard/settings/profile-actions.ts	saveProfileAnswerAction	/dashboard/settings	BLOCKED (307 to /login)	RETURNED (a value)	RETURNED (a value)	RETURNED (a value)	current						
ACTION-8D855B590D55	⬜ NOT STARTED	app/(app)/dashboard/settings/profile-actions.ts	skipProfileFieldAction	/dashboard/settings	BLOCKED (307 to /login)	RETURNED (a value)	RETURNED (a value)	RETURNED (a value)	current						
ACTION-4391301E1AC2	⬜ NOT STARTED	app/(app)/dashboard/social-feed/actions.ts	addByUrlAction	/dashboard/social-feed	BLOCKED (307 to /login)	REFUSED (threw)	REFUSED (threw)	REFUSED (threw)	stale	lib/server/public-calendar-fetch.ts	BLOCKED (307 to /login)	REFUSED (threw)	REFUSED (threw)	REFUSED (threw)	no
ACTION-70192299722B	⬜ NOT STARTED	app/(app)/dashboard/social-feed/actions.ts	addFeedItemAction	/dashboard/social-feed	BLOCKED (307 to /login)	REFUSED (threw)	REFUSED (threw)	REFUSED (threw)	stale	lib/server/public-calendar-fetch.ts	BLOCKED (307 to /login)	REFUSED (threw)	REFUSED (threw)	REFUSED (threw)	no
ACTION-E1802CD42535	⬜ NOT STARTED	app/(app)/dashboard/social-feed/actions.ts	addSourceAction	/dashboard/social-feed	BLOCKED (307 to /login)	REFUSED (threw)	REFUSED (threw)	REFUSED (threw)	stale	lib/server/public-calendar-fetch.ts	BLOCKED (307 to /login)	REFUSED (threw)	REFUSED (threw)	REFUSED (threw)	no
ACTION-1BF1CFD2A289	⬜ NOT STARTED	app/(app)/dashboard/social-feed/actions.ts	markAllReadAction	/dashboard/social-feed	BLOCKED (307 to /login)	RETURNED (a value)	RETURNED (a value)	RETURNED (a value)	stale	lib/server/public-calendar-fetch.ts	BLOCKED (307 to /login)	RETURNED (a value)	RETURNED (a value)	RETURNED (a value)	no
ACTION-B326FDF1A333	⬜ NOT STARTED	app/(app)/dashboard/social-feed/actions.ts	markReadAction	/dashboard/social-feed	BLOCKED (307 to /login)	REFUSED (threw)	REFUSED (threw)	REFUSED (threw)	stale	lib/server/public-calendar-fetch.ts	BLOCKED (307 to /login)	REFUSED (threw)	REFUSED (threw)	REFUSED (threw)	no
ACTION-955CFD2274EE	⬜ NOT STARTED	app/(app)/dashboard/social-feed/actions.ts	removeSourceAction	/dashboard/social-feed	BLOCKED (307 to /login)	REFUSED (threw)	REFUSED (threw)	REFUSED (threw)	stale	lib/server/public-calendar-fetch.ts	BLOCKED (307 to /login)	REFUSED (threw)	REFUSED (threw)	REFUSED (threw)	no
ACTION-C276C13E409F	⬜ NOT STARTED	app/(app)/dashboard/social-feed/actions.ts	toggleFavoriteAction	/dashboard/social-feed	BLOCKED (307 to /login)	REFUSED (threw)	REFUSED (threw)	REFUSED (threw)	stale	lib/server/public-calendar-fetch.ts	BLOCKED (307 to /login)	REFUSED (threw)	REFUSED (threw)	REFUSED (threw)	no
ACTION-38924C6BA1BC	⬜ NOT STARTED	app/(app)/dashboard/social/actions.ts	connectAccountAction	/dashboard/social/inbox	BLOCKED (307 to /login)	REFUSED (threw)	REFUSED (threw)	REFUSED (threw)	stale	app/(app)/dashboard/social/actions.ts; lib/actions/refusal.ts; lib/social/access.ts	BLOCKED (307 to /login)	REFUSED (threw)	REFUSED (threw)	REFUSED (threw)	no
ACTION-9F9715F212FF	⬜ NOT STARTED	app/(app)/dashboard/social/actions.ts	createMediaAction	/dashboard/social/inbox	BLOCKED (307 to /login)	REFUSED (threw)	REFUSED (threw)	REFUSED (threw)	stale	app/(app)/dashboard/social/actions.ts; lib/actions/refusal.ts; lib/social/access.ts	BLOCKED (307 to /login)	REFUSED (threw ACTION_REFUSED:notAllowed)	REFUSED (threw)	REFUSED (threw)	no
ACTION-3C9C7E7C3208	⬜ NOT STARTED	app/(app)/dashboard/social/actions.ts	createPostAction	/dashboard/social/inbox	BLOCKED (307 to /login)	REFUSED (threw)	REFUSED (threw)	REFUSED (threw)	stale	app/(app)/dashboard/social/actions.ts; lib/actions/refusal.ts; lib/social/access.ts	BLOCKED (307 to /login)	REFUSED (threw)	REFUSED (threw)	REFUSED (threw)	no
ACTION-34DED829EF63	⬜ NOT STARTED	app/(app)/dashboard/social/actions.ts	disconnectAccountAction	/dashboard/social/inbox	BLOCKED (307 to /login)	REFUSED (threw)	REFUSED (threw)	REFUSED (threw)	stale	app/(app)/dashboard/social/actions.ts; lib/actions/refusal.ts; lib/social/access.ts	BLOCKED (307 to /login)	REFUSED (threw ACTION_REFUSED:notAllowed)	REFUSED (threw)	REFUSED (threw)	no
ACTION-EB48756176AA	⬜ NOT STARTED	app/(app)/dashboard/social/actions.ts	grantAccessAction	/dashboard/social/inbox	BLOCKED (307 to /login)	REFUSED (threw)	REFUSED (threw)	REFUSED (threw)	stale	app/(app)/dashboard/social/actions.ts; lib/actions/refusal.ts; lib/social/access.ts	BLOCKED (307 to /login)	REFUSED (threw ACTION_REFUSED:notAllowed)	REFUSED (threw ACTION_REFUSED:notAllowed)	REFUSED (threw ACTION_REFUSED:notAllowed)	no
ACTION-29B242DBD1B3	⬜ NOT STARTED	app/(app)/dashboard/social/actions.ts	resolveCommentAction	/dashboard/social/inbox	BLOCKED (307 to /login)	REFUSED (threw)	REFUSED (threw)	REFUSED (threw)	stale	app/(app)/dashboard/social/actions.ts; lib/actions/refusal.ts; lib/social/access.ts	BLOCKED (307 to /login)	REFUSED (threw)	REFUSED (threw)	REFUSED (threw)	no
ACTION-FD08580CBD41	⬜ NOT STARTED	app/(app)/dashboard/social/actions.ts	retryPublishAction	/dashboard/social/inbox	BLOCKED (307 to /login)	REFUSED (refusal in result)	REFUSED (refusal in result)	REFUSED (refusal in result)	stale	app/(app)/dashboard/social/actions.ts; lib/actions/refusal.ts; lib/social/access.ts	BLOCKED (307 to /login)	REFUSED (refusal in result)	REFUSED (refusal in result)	REFUSED (refusal in result)	no
ACTION-FD1221F34629	⬜ NOT STARTED	app/(app)/dashboard/social/actions.ts	updateSettingsAction	/dashboard/social/inbox	BLOCKED (307 to /login)	REFUSED (threw)	REFUSED (threw)	REFUSED (threw)	stale	app/(app)/dashboard/social/actions.ts; lib/actions/refusal.ts; lib/social/access.ts	BLOCKED (307 to /login)	REFUSED (threw ACTION_REFUSED:notAllowed)	REFUSED (threw)	REFUSED (threw)	no
ACTION-AFAB381F1832	⬜ NOT STARTED	app/(app)/dashboard/sync/feeds/actions.ts	addCalendarFeed	/family/settings	BLOCKED (307 to /login)	REFUSED (threw)	REFUSED (threw)	REFUSED (threw)	stale	lib/server/public-calendar-fetch.ts	BLOCKED (307 to /login)	REFUSED (threw)	REFUSED (threw)	REFUSED (threw)	no
ACTION-67F689691FB0	⬜ NOT STARTED	app/(app)/dashboard/sync/feeds/actions.ts	removeCalendarFeed	/family/settings	BLOCKED (307 to /login)	REFUSED (refusal in result)	REFUSED (refusal in result)	REFUSED (refusal in result)	stale	lib/server/public-calendar-fetch.ts	BLOCKED (307 to /login)	REFUSED (refusal in result)	REFUSED (refusal in result)	REFUSED (refusal in result)	no
ACTION-C711866C26D0	⬜ NOT STARTED	app/(app)/dashboard/sync/feeds/actions.ts	syncCalendarFeed	/family/settings	BLOCKED (307 to /login)	REFUSED (refusal in result)	REFUSED (refusal in result)	REFUSED (refusal in result)	stale	lib/server/public-calendar-fetch.ts	BLOCKED (307 to /login)	REFUSED (refusal in result)	REFUSED (refusal in result)	REFUSED (refusal in result)	no
ACTION-A5AA67D27167	⬜ NOT STARTED	app/(app)/dashboard/todos/actions.ts	completeTodoAction	/dashboard/todos	BLOCKED (307 to /login)	REFUSED (refusal in result)	REFUSED (refusal in result)	REFUSED (refusal in result)	current						
ACTION-52B73F1492C2	⬜ NOT STARTED	app/(app)/dashboard/todos/actions.ts	createTodoAction	/dashboard/todos	BLOCKED (307 to /login)	REFUSED (threw)	REFUSED (threw)	REFUSED (threw)	current						
ACTION-1139AA62CCF0	⬜ NOT STARTED	app/(app)/dashboard/todos/actions.ts	deleteTodoAction	/dashboard/todos	BLOCKED (307 to /login)	REFUSED (refusal in result)	REFUSED (refusal in result)	REFUSED (refusal in result)	current						
ACTION-32A1ACCC3D46	⬜ NOT STARTED	app/(app)/dashboard/todos/actions.ts	updateTodoAction	/dashboard/todos	BLOCKED (307 to /login)	REFUSED (refusal in result)	REFUSED (refusal in result)	REFUSED (refusal in result)	current						
ACTION-2AB660F8D748	⬜ NOT STARTED	app/(app)/dashboard/trip-intel/actions.ts	deleteDeparturePlanAction	/dashboard/trip-intel	BLOCKED (307 to /login)	REFUSED (threw)	REFUSED (threw)	REFUSED (threw)	current						
ACTION-DCDC3B48AFA9	⬜ NOT STARTED	app/(app)/dashboard/trip-intel/actions.ts	deleteTripPlanAction	/dashboard/trip-intel	BLOCKED (307 to /login)	REFUSED (threw)	REFUSED (threw)	REFUSED (threw)	current						
ACTION-FCA30030544D	⬜ NOT STARTED	app/(app)/dashboard/trip-intel/actions.ts	refreshDeparturePlanAction	/dashboard/trip-intel	BLOCKED (307 to /login)	REFUSED (threw)	REFUSED (threw)	REFUSED (threw)	current						
ACTION-E96F97DA2368	⬜ NOT STARTED	app/(app)/dashboard/trip-intel/actions.ts	saveDeparturePlanAction	/dashboard/trip-intel	BLOCKED (307 to /login)	REFUSED (threw)	REFUSED (threw)	REFUSED (threw)	current						
ACTION-16605C4EF782	⬜ NOT STARTED	app/(app)/dashboard/trip-intel/actions.ts	saveTripPlanAction	/dashboard/trip-intel	BLOCKED (307 to /login)	REFUSED (threw)	REFUSED (threw)	REFUSED (threw)	current						
ACTION-604D3EBDBFDA	⬜ NOT STARTED	app/(app)/dashboard/trust/actions.ts	acceptPolicySuggestionAction	/dashboard/trust	BLOCKED (307 to /login)	REFUSED (refusal in result)	REFUSED (threw)	REFUSED (threw)	stale	lib/services/memory/index.ts; lib/vacations/dates.ts; 0460 subscriptions_tracked; 0463 family_messages	BLOCKED (307 to /login)	REFUSED (refusal in result)	REFUSED (threw)	REFUSED (threw)	no
ACTION-E665CDB33E65	⬜ NOT STARTED	app/(app)/dashboard/trust/actions.ts	activateEmergencyAction	/dashboard/trust	BLOCKED (307 to /login)	REFUSED (refusal in result)	REFUSED (threw)	REFUSED (threw)	stale	lib/services/memory/index.ts; lib/vacations/dates.ts; 0460 subscriptions_tracked; 0463 family_messages	BLOCKED (307 to /login)	REFUSED (refusal in result)	REFUSED (threw)	REFUSED (threw)	no
ACTION-99F36D6FBAE2	🔄 IN PROGRESS	app/(app)/dashboard/trust/actions.ts	createDelegationAction	/dashboard/trust	BLOCKED (307 to /login)	REFUSED (refusal in result)	REFUSED (threw)	REFUSED (threw)	stale	lib/services/memory/index.ts; lib/vacations/dates.ts; 0460 subscriptions_tracked; 0463 family_messages	BLOCKED (307 to /login)	REFUSED (refusal in result)	REFUSED (threw)	REFUSED (threw)	no
ACTION-A24B5453EA57	⬜ NOT STARTED	app/(app)/dashboard/trust/actions.ts	createSharingPresetAction	/dashboard/trust	BLOCKED (307 to /login)	REFUSED (threw)	REFUSED (threw)	REFUSED (threw)	stale	lib/services/memory/index.ts; lib/vacations/dates.ts; 0460 subscriptions_tracked; 0463 family_messages	BLOCKED (307 to /login)	REFUSED (threw)	REFUSED (threw)	REFUSED (threw)	no
ACTION-72DB6B2CE780	⬜ NOT STARTED	app/(app)/dashboard/trust/actions.ts	decideApprovalAction	/dashboard/trust	BLOCKED (307 to /login)	REFUSED (refusal in result)	REFUSED (threw)	REFUSED (threw)	stale	lib/services/memory/index.ts; lib/vacations/dates.ts; 0460 subscriptions_tracked; 0463 family_messages	BLOCKED (307 to /login)	REFUSED (refusal in result)	REFUSED (threw)	REFUSED (threw)	no
ACTION-B5CAAFBB69C4	⬜ NOT STARTED	app/(app)/dashboard/trust/actions.ts	deletePolicyAction	/dashboard/trust	BLOCKED (307 to /login)	REFUSED (refusal in result)	REFUSED (threw)	REFUSED (threw)	stale	lib/services/memory/index.ts; lib/vacations/dates.ts; 0460 subscriptions_tracked; 0463 family_messages	BLOCKED (307 to /login)	REFUSED (refusal in result)	REFUSED (threw)	REFUSED (threw)	no
ACTION-EBAF0F9342CC	⬜ NOT STARTED	app/(app)/dashboard/trust/actions.ts	endEmergencyAction	/dashboard/trust	BLOCKED (307 to /login)	REFUSED (refusal in result)	REFUSED (threw)	REFUSED (threw)	stale	lib/services/memory/index.ts; lib/vacations/dates.ts; 0460 subscriptions_tracked; 0463 family_messages	BLOCKED (307 to /login)	REFUSED (refusal in result)	REFUSED (threw)	REFUSED (threw)	no
ACTION-1318E1F05B65	🔄 IN PROGRESS	app/(app)/dashboard/trust/actions.ts	revokeDelegationAction	/dashboard/trust	BLOCKED (307 to /login)	REFUSED (refusal in result)	REFUSED (threw)	REFUSED (threw)	stale	lib/services/memory/index.ts; lib/vacations/dates.ts; 0460 subscriptions_tracked; 0463 family_messages	BLOCKED (307 to /login)	REFUSED (refusal in result)	REFUSED (threw)	REFUSED (threw)	no
ACTION-B107F1871DA9	⬜ NOT STARTED	app/(app)/dashboard/trust/actions.ts	savePolicyAction	/dashboard/trust	BLOCKED (307 to /login)	REFUSED (refusal in result)	REFUSED (threw)	REFUSED (threw)	stale	lib/services/memory/index.ts; lib/vacations/dates.ts; 0460 subscriptions_tracked; 0463 family_messages	BLOCKED (307 to /login)	REFUSED (refusal in result)	REFUSED (threw)	REFUSED (threw)	no
ACTION-2BF1B4138494	⬜ NOT STARTED	app/(app)/dashboard/trust/actions.ts	setPermissionGrantAction	/dashboard/trust	BLOCKED (307 to /login)	REFUSED (refusal in result)	REFUSED (threw)	REFUSED (threw)	stale	lib/services/memory/index.ts; lib/vacations/dates.ts; 0460 subscriptions_tracked; 0463 family_messages	BLOCKED (307 to /login)	REFUSED (refusal in result)	REFUSED (threw)	REFUSED (threw)	no
ACTION-41B123BCB323	⬜ NOT STARTED	app/(app)/dashboard/trust/actions.ts	togglePolicyAction	/dashboard/trust	BLOCKED (307 to /login)	REFUSED (refusal in result)	REFUSED (threw)	REFUSED (threw)	stale	lib/services/memory/index.ts; lib/vacations/dates.ts; 0460 subscriptions_tracked; 0463 family_messages	BLOCKED (307 to /login)	REFUSED (refusal in result)	REFUSED (threw)	REFUSED (threw)	no
ACTION-03981958F45C	⬜ NOT STARTED	app/(app)/dashboard/vacations/[id]/actions.ts	listDisruptableBookingsAction	/dashboard/vacations/00000000-0000-4000-8000-00000000abcd/travel	BLOCKED (307 to /login)	REFUSED (refusal in result)	REFUSED (refusal in result)	REFUSED (refusal in result)	stale	lib/vacations/dates.ts	BLOCKED (307 to /login)	REFUSED (refusal in result)	REFUSED (refusal in result)	REFUSED (refusal in result)	no
ACTION-6E60DCF988F2	⬜ NOT STARTED	app/(app)/dashboard/vacations/[id]/actions.ts	reportDisruptionAction	/dashboard/vacations/00000000-0000-4000-8000-00000000abcd/travel	BLOCKED (307 to /login)	REFUSED (threw)	REFUSED (threw)	REFUSED (threw)	stale	lib/vacations/dates.ts	BLOCKED (307 to /login)	REFUSED (threw)	REFUSED (threw)	REFUSED (threw)	no
ACTION-AA8B11ACA10C	⬜ NOT STARTED	app/(app)/dashboard/wishlists/actions.ts	adviseBeforeBuying	/dashboard/wishlists	BLOCKED (307 to /login)	REFUSED (refusal in result)	REFUSED (refusal in result)	REFUSED (refusal in result)	stale	lib/services/memory/index.ts	BLOCKED (307 to /login)	REFUSED (refusal in result)	REFUSED (refusal in result)	REFUSED (refusal in result)	no
ACTION-9D92F62AA5BE	⬜ NOT STARTED	app/(app)/dashboard/workload/actions.ts	moveAssignmentAction	/dashboard/workload	BLOCKED (307 to /login)	REFUSED (refusal in result)	REFUSED (refusal in result)	REFUSED (refusal in result)	current						
ACTION-D91AB2BF25EC	⬜ NOT STARTED	app/(app)/dashboard/workload/actions.ts	saveWorkloadSnapshotAction	/dashboard/workload	BLOCKED (307 to /login)	REFUSED (threw)	REFUSED (threw)	REFUSED (threw)	current						
ACTION-15AC56471580	⬜ NOT STARTED	app/(app)/economy/actions.ts	awardTokensAction	/economy	BLOCKED (307 to /login)	REFUSED (refusal in result)	REFUSED (threw)	REFUSED (threw)	current						
ACTION-406DD2DE86E3	⬜ NOT STARTED	app/(app)/economy/actions.ts	createCurrencyAction	/economy	BLOCKED (307 to /login)	REFUSED (refusal in result)	REFUSED (threw)	REFUSED (threw)	current						
ACTION-0DF41D871E0C	⬜ NOT STARTED	app/(app)/economy/actions.ts	createRewardAction	/economy	BLOCKED (307 to /login)	REFUSED (refusal in result)	REFUSED (threw)	REFUSED (threw)	current						
ACTION-A8F6037143A6	🔄 IN PROGRESS	app/(app)/economy/actions.ts	decideRedemptionAction	/economy	BLOCKED (307 to /login)	REFUSED (refusal in result)	REFUSED (threw)	REFUSED (threw)	current						
ACTION-82980A9A8005	🔄 IN PROGRESS	app/(app)/economy/actions.ts	requestRedemptionAction	/economy	BLOCKED (307 to /login)	REFUSED (threw)	REFUSED (threw)	REFUSED (threw)	current						
ACTION-0DBCDF276549	🔄 IN PROGRESS	app/(app)/economy/actions.ts	setCurrencyActiveAction	/economy	BLOCKED (307 to /login)	REFUSED (refusal in result)	REFUSED (threw)	REFUSED (threw)	current						
ACTION-8A0C9AFBCF11	🔄 IN PROGRESS	app/(app)/economy/actions.ts	setRewardActiveAction	/economy	BLOCKED (307 to /login)	REFUSED (refusal in result)	REFUSED (threw)	REFUSED (threw)	current						
ACTION-C2C30832A31E	⬜ NOT STARTED	app/(app)/family/child-login-actions.ts	createChildLoginAction	/dashboard/family-access	BLOCKED (307 to /login)	REFUSED (refusal in result)	REFUSED (refusal in result)	REFUSED (refusal in result)	current						
ACTION-25A37296236E	⬜ NOT STARTED	app/(app)/family/child-login-actions.ts	resetChildPinAction	/dashboard/family-access	BLOCKED (307 to /login)	REFUSED (refusal in result)	REFUSED (refusal in result)	REFUSED (refusal in result)	current						
ACTION-D4ABFAF428B5	⬜ NOT STARTED	app/(app)/feedback/actions.ts	addCommentAction	/feedback	BLOCKED (307 to /login)	REFUSED (threw)	REFUSED (threw)	REFUSED (threw)	current						
ACTION-B051124F8C08	⬜ NOT STARTED	app/(app)/feedback/actions.ts	setIdeaStatusAction	/feedback	BLOCKED (307 to /login)	REFUSED (refusal in result)	REFUSED (refusal in result)	REFUSED (threw)	current						
ACTION-82E1146F4C98	⬜ NOT STARTED	app/(app)/feedback/actions.ts	submitIdeaAction	/feedback	BLOCKED (307 to /login)	REFUSED (threw)	REFUSED (threw)	REFUSED (threw)	current						
ACTION-07CA64EC69C1	⬜ NOT STARTED	app/(app)/feedback/actions.ts	toggleVoteAction	/feedback	BLOCKED (307 to /login)	REFUSED (refusal in result)	REFUSED (refusal in result)	REFUSED (refusal in result)	current						
ACTION-BDB3D8713C85	⬜ NOT STARTED	app/(app)/guardian/actions.ts	acknowledgeEscalationAction	/guardian	BLOCKED (307 to /login)	REFUSED (refusal in result)	REFUSED (refusal in result)	REFUSED (refusal in result)	current						
ACTION-CF3838F9EA45	⬜ NOT STARTED	app/(app)/guardian/actions.ts	assignGuardianPhoneAction	/guardian	BLOCKED (307 to /login)	REFUSED (refusal in result)	REFUSED (threw)	REFUSED (threw)	current						
ACTION-6F7B023FEF84	⬜ NOT STARTED	app/(app)/guardian/actions.ts	createRuleAction	/guardian	BLOCKED (307 to /login)	REFUSED (refusal in result)	REFUSED (threw)	REFUSED (threw)	current						
ACTION-BBEFE0F2FAC3	⬜ NOT STARTED	app/(app)/guardian/actions.ts	deleteContactAction	/guardian	BLOCKED (307 to /login)	REFUSED (refusal in result)	REFUSED (refusal in result)	REFUSED (refusal in result)	current						
ACTION-E6F7B4AF6000	🔄 IN PROGRESS	app/(app)/guardian/actions.ts	deleteRuleAction	/guardian	BLOCKED (307 to /login)	REFUSED (refusal in result)	REFUSED (refusal in result)	REFUSED (refusal in result)	current						
ACTION-B50C4C6F0114	⬜ NOT STARTED	app/(app)/guardian/actions.ts	generateGuardianSuggestionsAction	/guardian	BLOCKED (307 to /login)	REFUSED (refusal in result)	RETURNED (a value)	RETURNED (a value)	current						
ACTION-A8FDA0AD1999	⬜ NOT STARTED	app/(app)/guardian/actions.ts	reviewSuggestionAction	/guardian	BLOCKED (307 to /login)	REFUSED (refusal in result)	REFUSED (refusal in result)	REFUSED (refusal in result)	current						
ACTION-80E877267F7C	🔄 IN PROGRESS	app/(app)/guardian/actions.ts	toggleRuleAction	/guardian	BLOCKED (307 to /login)	REFUSED (refusal in result)	REFUSED (refusal in result)	REFUSED (refusal in result)	current						
ACTION-FF65228D56B4	⬜ NOT STARTED	app/(app)/guardian/actions.ts	updateContactTrustAction	/guardian	BLOCKED (307 to /login)	REFUSED (refusal in result)	REFUSED (refusal in result)	REFUSED (refusal in result)	current						
ACTION-763D6D1492D1	⬜ NOT STARTED	app/(app)/guardian/actions.ts	updateContextAction	/guardian	BLOCKED (307 to /login)	REFUSED (refusal in result)	REFUSED (refusal in result)	REFUSED (refusal in result)	current						
ACTION-6C89778FB2C2	⬜ NOT STARTED	app/(app)/guardian/actions.ts	upsertContactAction	/guardian	BLOCKED (307 to /login)	REFUSED (refusal in result)	REFUSED (threw)	REFUSED (threw)	current						
ACTION-6F9F5392DFCA	⬜ NOT STARTED	app/(app)/guardian/actions.ts	upsertMemberProfileAction	/guardian	BLOCKED (307 to /login)	REFUSED (refusal in result)	REFUSED (threw)	REFUSED (threw)	current						
ACTION-AADABAD791D2	⬜ NOT STARTED	app/(app)/marketplace/actions.ts	leaveReviewAction	/marketplace	BLOCKED (307 to /login)	REFUSED (threw)	REFUSED (threw)	REFUSED (threw)	stale	0462 marketplace_listings; 0462 marketplace_offers; 0462 marketplace_orders; 0462 marketplace_saves	BLOCKED (307 to /login)	REFUSED (threw)	REFUSED (threw)	REFUSED (threw)	no
ACTION-AE9AAC2E62DB	⬜ NOT STARTED	app/(app)/marketplace/actions.ts	makeOfferAction	/marketplace	BLOCKED (307 to /login)	REFUSED (refusal in result)	REFUSED (refusal in result)	REFUSED (refusal in result)	stale	0462 marketplace_listings; 0462 marketplace_offers; 0462 marketplace_orders; 0462 marketplace_saves	BLOCKED (307 to /login)	REFUSED (refusal in result)	REFUSED (refusal in result)	REFUSED (refusal in result)	no
ACTION-E8ECFA5EC29B	⬜ NOT STARTED	app/(app)/marketplace/actions.ts	setMatchStatusAction	/marketplace	BLOCKED (307 to /login)	REFUSED (refusal in result)	REFUSED (refusal in result)	REFUSED (refusal in result)	stale	0462 marketplace_listings; 0462 marketplace_offers; 0462 marketplace_orders; 0462 marketplace_saves	BLOCKED (307 to /login)	REFUSED (refusal in result)	REFUSED (refusal in result)	REFUSED (refusal in result)	no
ACTION-A21306398A80	🔄 IN PROGRESS	app/(app)/marketplace/actions.ts	setOrderStatusAction	/marketplace	BLOCKED (307 to /login)	REFUSED (refusal in result)	REFUSED (refusal in result)	REFUSED (refusal in result)	stale	0462 marketplace_listings; 0462 marketplace_offers; 0462 marketplace_orders; 0462 marketplace_saves	BLOCKED (307 to /login)	REFUSED (refusal in result)	REFUSED (refusal in result)	REFUSED (refusal in result)	no
ACTION-F7EB4A9FE45E	⬜ NOT STARTED	app/(app)/marketplace/actions.ts	toggleFollowAction	/marketplace	BLOCKED (307 to /login)	REFUSED (refusal in result)	REFUSED (refusal in result)	REFUSED (refusal in result)	stale	0462 marketplace_listings; 0462 marketplace_offers; 0462 marketplace_orders; 0462 marketplace_saves	BLOCKED (307 to /login)	REFUSED (refusal in result)	REFUSED (refusal in result)	REFUSED (refusal in result)	no
ACTION-17DECF058BEA	⬜ NOT STARTED	app/(app)/marketplace/actions.ts	toggleSaveAction	/marketplace	BLOCKED (307 to /login)	REFUSED (refusal in result)	REFUSED (refusal in result)	REFUSED (refusal in result)	stale	0462 marketplace_listings; 0462 marketplace_offers; 0462 marketplace_orders; 0462 marketplace_saves	BLOCKED (307 to /login)	REFUSED (refusal in result)	REFUSED (refusal in result)	REFUSED (refusal in result)	no
ACTION-D1655FF5DACD	⬜ NOT STARTED	app/(app)/marketplace/actions.ts	upsertStoreAction	/marketplace	BLOCKED (307 to /login)	REFUSED (threw)	REFUSED (threw)	REFUSED (threw)	stale	0462 marketplace_listings; 0462 marketplace_offers; 0462 marketplace_orders; 0462 marketplace_saves	BLOCKED (307 to /login)	REFUSED (threw)	REFUSED (threw)	REFUSED (threw)	no
ACTION-B47AF4698D24	⬜ NOT STARTED	app/(app)/marketplace/alerts/actions.ts	createSavedSearchAction	/marketplace/alerts	BLOCKED (307 to /login)	REFUSED (threw)	REFUSED (threw)	REFUSED (threw)	current						
ACTION-1BD84D020C84	⬜ NOT STARTED	app/(app)/marketplace/alerts/actions.ts	deleteSavedSearchAction	/marketplace/alerts	BLOCKED (307 to /login)	REFUSED (refusal in result)	REFUSED (refusal in result)	REFUSED (refusal in result)	current						
ACTION-C6976CF78076	⬜ NOT STARTED	app/(app)/marketplace/alerts/actions.ts	markSearchSeenAction	/marketplace/alerts	BLOCKED (307 to /login)	REFUSED (refusal in result)	REFUSED (refusal in result)	REFUSED (refusal in result)	current						
ACTION-BAA4633EC108	⬜ NOT STARTED	app/(app)/marketplace/assistant-actions.ts	askMarketAssistantAction	/marketplace	BLOCKED (307 to /login)	REFUSED (threw)	REFUSED (threw)	REFUSED (threw)	stale	0462 marketplace_listings; 0462 marketplace_offers	BLOCKED (307 to /login)	REFUSED (threw)	REFUSED (threw)	REFUSED (threw)	no
ACTION-76449256AC69	⬜ NOT STARTED	app/(app)/marketplace/auctions/actions.ts	buyNowAction	/marketplace/item/00000000-0000-4000-8000-00000000abcd	BLOCKED (307 to /login)	REFUSED (refusal in result)	REFUSED (refusal in result)	REFUSED (refusal in result)	stale	0462 marketplace_buy_now; 0462 marketplace_place_bid	BLOCKED (307 to /login)	REFUSED (refusal in result)	REFUSED (refusal in result)	REFUSED (refusal in result)	no
ACTION-A071862AEF49	⬜ NOT STARTED	app/(app)/marketplace/auctions/actions.ts	placeBidAction	/marketplace/item/00000000-0000-4000-8000-00000000abcd	BLOCKED (307 to /login)	REFUSED (threw)	REFUSED (threw)	REFUSED (threw)	stale	0462 marketplace_buy_now; 0462 marketplace_place_bid	BLOCKED (307 to /login)	REFUSED (threw)	REFUSED (threw)	REFUSED (threw)	no
ACTION-264716C07EFA	⬜ NOT STARTED	app/(app)/marketplace/community/actions.ts	createCircleAction	/marketplace/community	BLOCKED (307 to /login)	REFUSED (threw)	REFUSED (threw)	REFUSED (threw)	stale	0462 marketplace_listing_shares	BLOCKED (307 to /login)	REFUSED (threw)	REFUSED (threw)	REFUSED (threw)	no
ACTION-EDFBC371F417	⬜ NOT STARTED	app/(app)/marketplace/community/actions.ts	joinCircleAction	/marketplace/community	BLOCKED (307 to /login)	REFUSED (threw)	REFUSED (threw)	REFUSED (threw)	stale	0462 marketplace_listing_shares	BLOCKED (307 to /login)	REFUSED (threw)	REFUSED (threw)	REFUSED (threw)	no
ACTION-3D89CEC81535	⬜ NOT STARTED	app/(app)/marketplace/community/actions.ts	leaveCircleAction	/marketplace/community	BLOCKED (307 to /login)	REFUSED (refusal in result)	REFUSED (refusal in result)	REFUSED (refusal in result)	stale	0462 marketplace_listing_shares	BLOCKED (307 to /login)	REFUSED (refusal in result)	REFUSED (refusal in result)	REFUSED (refusal in result)	no
ACTION-1F416EA12C3A	⬜ NOT STARTED	app/(app)/marketplace/community/actions.ts	shareListingAction	/marketplace/community	BLOCKED (307 to /login)	REFUSED (refusal in result)	REFUSED (refusal in result)	REFUSED (refusal in result)	stale	0462 marketplace_listing_shares	BLOCKED (307 to /login)	REFUSED (refusal in result)	REFUSED (refusal in result)	REFUSED (refusal in result)	no
ACTION-3EC068E0CA4F	⬜ NOT STARTED	app/(app)/marketplace/community/actions.ts	unshareListingAction	/marketplace/community	BLOCKED (307 to /login)	REFUSED (refusal in result)	REFUSED (refusal in result)	REFUSED (refusal in result)	stale	0462 marketplace_listing_shares	BLOCKED (307 to /login)	REFUSED (refusal in result)	REFUSED (refusal in result)	REFUSED (refusal in result)	no
ACTION-ED88541ABEB4	⬜ NOT STARTED	app/(app)/marketplace/handoff/actions.ts	cancelHandoffAction	/marketplace/orders	BLOCKED (307 to /login)	REFUSED (refusal in result)	REFUSED (refusal in result)	REFUSED (refusal in result)	stale	0462 marketplace_orders	BLOCKED (307 to /login)	REFUSED (refusal in result)	REFUSED (refusal in result)	REFUSED (refusal in result)	no
ACTION-1CEE0512C3B5	⬜ NOT STARTED	app/(app)/marketplace/handoff/actions.ts	completeHandoffAction	/marketplace/orders	BLOCKED (307 to /login)	REFUSED (threw)	REFUSED (threw)	REFUSED (threw)	stale	0462 marketplace_orders	BLOCKED (307 to /login)	REFUSED (threw)	REFUSED (threw)	REFUSED (threw)	no
ACTION-F437CA8170C1	⬜ NOT STARTED	app/(app)/marketplace/handoff/actions.ts	confirmHandoffAction	/marketplace/orders	BLOCKED (307 to /login)	REFUSED (refusal in result)	REFUSED (refusal in result)	REFUSED (refusal in result)	stale	0462 marketplace_orders	BLOCKED (307 to /login)	REFUSED (refusal in result)	REFUSED (refusal in result)	REFUSED (refusal in result)	no
ACTION-775FF1987E61	⬜ NOT STARTED	app/(app)/marketplace/handoff/actions.ts	proposeHandoffAction	/marketplace/orders	BLOCKED (307 to /login)	REFUSED (threw)	REFUSED (threw)	REFUSED (threw)	stale	0462 marketplace_orders	BLOCKED (307 to /login)	REFUSED (threw)	REFUSED (threw)	REFUSED (threw)	no
ACTION-413ABC6A45E6	⬜ NOT STARTED	app/(app)/marketplace/negotiations/actions.ts	makeOfferAction	/marketplace/item/00000000-0000-4000-8000-00000000abcd	BLOCKED (307 to /login)	REFUSED (threw)	REFUSED (threw)	REFUSED (threw)	stale	0462 marketplace_negotiation_offer	BLOCKED (307 to /login)	REFUSED (threw)	REFUSED (threw)	REFUSED (threw)	no
ACTION-49DA06B7508F	⬜ NOT STARTED	app/(app)/marketplace/negotiations/actions.ts	respondToOfferAction	/marketplace/item/00000000-0000-4000-8000-00000000abcd	BLOCKED (307 to /login)	REFUSED (threw)	REFUSED (threw)	REFUSED (threw)	stale	0462 marketplace_negotiation_offer	BLOCKED (307 to /login)	REFUSED (threw)	REFUSED (threw)	REFUSED (threw)	no
ACTION-228F3E7BE775	⬜ NOT STARTED	app/(app)/marketplace/report/actions.ts	reportListingAction	/marketplace/item/00000000-0000-4000-8000-00000000abcd	BLOCKED (307 to /login)	REFUSED (threw)	REFUSED (threw)	REFUSED (threw)	stale	0462 marketplace_listings	BLOCKED (307 to /login)	REFUSED (threw)	REFUSED (threw)	REFUSED (threw)	no
ACTION-8C3719D04A6B	⬜ NOT STARTED	app/(app)/missions/actions.ts	approveSubmissionAction	/missions	BLOCKED (307 to /login)	REFUSED (refusal in result)	REFUSED (threw)	REFUSED (threw)	current						
ACTION-90B5B17EC5CD	⬜ NOT STARTED	app/(app)/missions/actions.ts	createChoreAction	/missions	BLOCKED (307 to /login)	REFUSED (threw)	REFUSED (threw)	REFUSED (threw)	current						
ACTION-11C43592C280	⬜ NOT STARTED	app/(app)/missions/actions.ts	disputeSubmissionAction	/missions	BLOCKED (307 to /login)	REFUSED (threw)	REFUSED (threw)	REFUSED (threw)	current						
ACTION-F2ADC481FA89	⬜ NOT STARTED	app/(app)/missions/actions.ts	generatePlanAction	/missions	BLOCKED (307 to /login)	REFUSED (threw)	REFUSED (threw)	REFUSED (threw)	current						
ACTION-2C186CCC803D	⬜ NOT STARTED	app/(app)/missions/actions.ts	rejectSubmissionAction	/missions	BLOCKED (307 to /login)	REFUSED (refusal in result)	REFUSED (threw)	REFUSED (threw)	current						
ACTION-C2AA8E5E7DD1	⬜ NOT STARTED	app/(app)/missions/actions.ts	submitProofAction	/missions	BLOCKED (307 to /login)	REFUSED (threw)	REFUSED (threw)	REFUSED (threw)	current						
ACTION-7315BE5B81B4	⬜ NOT STARTED	app/(app)/money/actions.ts	activateTreasuryAction	/wallet/cards	BLOCKED (307 to /login)	REFUSED (refusal in result)	REFUSED (refusal in result)	REFUSED (refusal in result)	current						
ACTION-0C2016225BBE	⬜ NOT STARTED	app/(app)/money/actions.ts	createCardRevealAction	/wallet/cards	BLOCKED (307 to /login)	REFUSED (refusal in result)	REFUSED (refusal in result)	REFUSED (refusal in result)	current						
ACTION-3C21F3079C96	⬜ NOT STARTED	app/(app)/money/actions.ts	issueCardAction	/wallet/cards	BLOCKED (307 to /login)	REFUSED (refusal in result)	REFUSED (refusal in result)	REFUSED (refusal in result)	current						
ACTION-53042D6812AD	⬜ NOT STARTED	app/(app)/money/actions.ts	prepareCardRevealAction	/wallet/cards	BLOCKED (307 to /login)	REFUSED (refusal in result)	REFUSED (refusal in result)	REFUSED (refusal in result)	current						
ACTION-A7BDEBEBAD71	⬜ NOT STARTED	app/(app)/money/actions.ts	refreshConnectStatusAction	/wallet/cards	BLOCKED (307 to /login)	REFUSED (refusal in result)	REFUSED (refusal in result)	REFUSED (refusal in result)	current						
ACTION-425A583FF086	⬜ NOT STARTED	app/(app)/money/actions.ts	setCardFrozenAction	/wallet/cards	BLOCKED (307 to /login)	REFUSED (refusal in result)	REFUSED (threw)	REFUSED (threw)	current						
ACTION-B1C0ECA8F288	⬜ NOT STARTED	app/(app)/money/actions.ts	startConnectOnboardingAction	/wallet/cards	BLOCKED (307 to /login)	REFUSED (refusal in result)	REFUSED (refusal in result)	REFUSED (refusal in result)	current						
ACTION-952254A76EA8	⬜ NOT STARTED	app/(app)/money/actions.ts	updateCardControlsAction	/wallet/cards	BLOCKED (307 to /login)	REFUSED (refusal in result)	REFUSED (refusal in result)	REFUSED (refusal in result)	current						
ACTION-0AD9C8014208	⬜ NOT STARTED	app/(app)/referrals/actions.ts	applyReferralCodeAction	/home	BLOCKED (307 to /login)	REFUSED (threw)	REFUSED (threw)	REFUSED (threw)	stale	app/(app)/referrals/actions.ts	BLOCKED (307 to /login)	REFUSED (threw)	REFUSED (threw)	REFUSED (threw)	no
ACTION-4FDB462605BB	⬜ NOT STARTED	app/(app)/referrals/actions.ts	dismissReferralHomeCardAction	/home	BLOCKED (307 to /login)	RETURNED (a value)	RETURNED (a value)	RETURNED (a value)	stale	app/(app)/referrals/actions.ts	BLOCKED (307 to /login)	RETURNED (a value)	RETURNED (a value)	RETURNED (a value)	no
ACTION-FA5FF91E21B6	⬜ NOT STARTED	app/(app)/referrals/actions.ts	sendReferralEmailAction	/home	BLOCKED (307 to /login)	REFUSED (refusal in result)	REFUSED (refusal in result)	REFUSED (refusal in result)	stale	app/(app)/referrals/actions.ts	BLOCKED (307 to /login)	REFUSED (refusal in result)	REFUSED (refusal in result)	REFUSED (refusal in result)	no
ACTION-5A3E77D917DA	⬜ NOT STARTED	app/(app)/settings/app-lock-actions.ts	saveAppLockConfig	/family/settings	BLOCKED (307 to /login)	REFUSED (refusal in result)	REFUSED (refusal in result)	REFUSED (refusal in result)	current						
ACTION-61EE5A6DD0D6	⬜ NOT STARTED	app/(app)/wallet/actions.ts	activateFamilyWalletAction	/home	BLOCKED (307 to /login)	REFUSED (refusal in result)	RETURNED (a value)	RETURNED (a value)	stale	app/(app)/wallet/actions.ts	BLOCKED (307 to /login)	REFUSED (refusal in result)	RETURNED (a value)	RETURNED (a value)	no
ACTION-148C47BB8A22	⬜ NOT STARTED	app/(app)/wallet/actions.ts	addFundsAction	/home	BLOCKED (307 to /login)	REFUSED (refusal in result)	REFUSED (threw)	REFUSED (threw)	stale	app/(app)/wallet/actions.ts	BLOCKED (307 to /login)	REFUSED (refusal in result)	REFUSED (threw)	REFUSED (threw)	no
ACTION-0F463285844F	⬜ NOT STARTED	app/(app)/wallet/actions.ts	approveGiftAction	/home	BLOCKED (307 to /login)	REFUSED (refusal in result)	REFUSED (threw)	REFUSED (threw)	stale	app/(app)/wallet/actions.ts	BLOCKED (307 to /login)	REFUSED (refusal in result)	REFUSED (threw)	REFUSED (threw)	no
ACTION-FADA7B86237A	🔄 IN PROGRESS	app/(app)/wallet/actions.ts	archiveBabysitterAction	/home	BLOCKED (307 to /login)	REFUSED (refusal in result)	REFUSED (threw)	REFUSED (threw)	stale	app/(app)/wallet/actions.ts	BLOCKED (307 to /login)	REFUSED (refusal in result)	REFUSED (threw)	REFUSED (threw)	no
ACTION-08F2999FFC3A	⬜ NOT STARTED	app/(app)/wallet/actions.ts	claimPayHandleAction	/home	BLOCKED (307 to /login)	REFUSED (refusal in result)	REFUSED (threw)	REFUSED (threw)	stale	app/(app)/wallet/actions.ts	BLOCKED (307 to /login)	REFUSED (refusal in result)	REFUSED (threw)	REFUSED (threw)	no
ACTION-4EFA99FD3EF9	⬜ NOT STARTED	app/(app)/wallet/actions.ts	createGiftLinkAction	/home	BLOCKED (307 to /login)	REFUSED (refusal in result)	REFUSED (threw)	REFUSED (threw)	stale	app/(app)/wallet/actions.ts	BLOCKED (307 to /login)	REFUSED (refusal in result)	REFUSED (threw)	REFUSED (threw)	no
ACTION-A465DB1C3703	⬜ NOT STARTED	app/(app)/wallet/actions.ts	createGoalAction	/home	BLOCKED (307 to /login)	REFUSED (refusal in result)	REFUSED (threw)	REFUSED (threw)	stale	app/(app)/wallet/actions.ts	BLOCKED (307 to /login)	REFUSED (refusal in result)	REFUSED (threw)	REFUSED (threw)	no
ACTION-B474AE170511	⬜ NOT STARTED	app/(app)/wallet/actions.ts	decideAllowanceRequestAction	/home	BLOCKED (307 to /login)	REFUSED (refusal in result)	REFUSED (threw)	REFUSED (threw)	stale	app/(app)/wallet/actions.ts	BLOCKED (307 to /login)	REFUSED (refusal in result)	REFUSED (threw)	REFUSED (threw)	no
ACTION-3DB849535F18	⬜ NOT STARTED	app/(app)/wallet/actions.ts	decideSpendRequestAction	/home	BLOCKED (307 to /login)	REFUSED (refusal in result)	REFUSED (threw)	REFUSED (threw)	stale	app/(app)/wallet/actions.ts	BLOCKED (307 to /login)	REFUSED (refusal in result)	REFUSED (threw)	REFUSED (threw)	no
ACTION-352006673597	🔄 IN PROGRESS	app/(app)/wallet/actions.ts	dismissGiftAction	/home	BLOCKED (307 to /login)	REFUSED (refusal in result)	REFUSED (threw)	REFUSED (threw)	stale	app/(app)/wallet/actions.ts	BLOCKED (307 to /login)	REFUSED (refusal in result)	REFUSED (threw)	REFUSED (threw)	no
ACTION-9BA4E71ADEE9	⬜ NOT STARTED	app/(app)/wallet/actions.ts	fundGoalAction	/home	BLOCKED (307 to /login)	REFUSED (refusal in result)	REFUSED (threw)	REFUSED (threw)	stale	app/(app)/wallet/actions.ts	BLOCKED (307 to /login)	REFUSED (refusal in result)	REFUSED (threw)	REFUSED (threw)	no
ACTION-DD0EECD42C71	⬜ NOT STARTED	app/(app)/wallet/actions.ts	payChoreRewardAction	/home	BLOCKED (307 to /login)	REFUSED (refusal in result)	REFUSED (threw)	REFUSED (threw)	stale	app/(app)/wallet/actions.ts	BLOCKED (307 to /login)	REFUSED (refusal in result)	REFUSED (threw)	REFUSED (threw)	no
ACTION-B0B83B2B1B5A	⬜ NOT STARTED	app/(app)/wallet/actions.ts	recordBabysitterPaymentAction	/home	BLOCKED (307 to /login)	REFUSED (refusal in result)	REFUSED (threw)	REFUSED (threw)	stale	app/(app)/wallet/actions.ts	BLOCKED (307 to /login)	REFUSED (refusal in result)	REFUSED (threw)	REFUSED (threw)	no
ACTION-AB41E531B9BB	⬜ NOT STARTED	app/(app)/wallet/actions.ts	releasePayHandleAction	/home	BLOCKED (307 to /login)	REFUSED (refusal in result)	REFUSED (threw)	REFUSED (threw)	stale	app/(app)/wallet/actions.ts	BLOCKED (307 to /login)	REFUSED (refusal in result)	REFUSED (threw)	REFUSED (threw)	no
ACTION-8AA29BB74838	⬜ NOT STARTED	app/(app)/wallet/actions.ts	requestAllowanceAction	/home	BLOCKED (307 to /login)	REFUSED (threw)	REFUSED (threw)	REFUSED (threw)	stale	app/(app)/wallet/actions.ts	BLOCKED (307 to /login)	REFUSED (threw)	REFUSED (threw)	REFUSED (threw)	no
ACTION-ABA436EAC1FB	🔄 IN PROGRESS	app/(app)/wallet/actions.ts	requestSpendAction	/home	BLOCKED (307 to /login)	REFUSED (threw)	REFUSED (threw)	REFUSED (threw)	stale	app/(app)/wallet/actions.ts	BLOCKED (307 to /login)	REFUSED (threw)	REFUSED (threw)	REFUSED (threw)	no
ACTION-14F1D3BFB97A	🔄 IN PROGRESS	app/(app)/wallet/actions.ts	runDueAllowancesAction	/home	BLOCKED (307 to /login)	REFUSED (refusal in result)	RETURNED (a value)	RETURNED (a value)	stale	app/(app)/wallet/actions.ts	BLOCKED (307 to /login)	REFUSED (refusal in result)	RETURNED (a value)	RETURNED (a value)	no
ACTION-2E83328F1CA0	🔄 IN PROGRESS	app/(app)/wallet/actions.ts	saveAllowanceRuleAction	/home	BLOCKED (307 to /login)	REFUSED (refusal in result)	REFUSED (threw)	REFUSED (threw)	stale	app/(app)/wallet/actions.ts	BLOCKED (307 to /login)	REFUSED (refusal in result)	REFUSED (threw)	REFUSED (threw)	no
ACTION-CF6E77C74E5C	🔄 IN PROGRESS	app/(app)/wallet/actions.ts	saveBabysitterAction	/home	BLOCKED (307 to /login)	REFUSED (refusal in result)	REFUSED (threw)	REFUSED (threw)	stale	app/(app)/wallet/actions.ts	BLOCKED (307 to /login)	REFUSED (refusal in result)	REFUSED (threw)	REFUSED (threw)	no
ACTION-34A3D968CD47	⬜ NOT STARTED	app/(app)/wallet/actions.ts	saveWalletRuleAction	/home	BLOCKED (307 to /login)	REFUSED (refusal in result)	REFUSED (threw)	REFUSED (threw)	stale	app/(app)/wallet/actions.ts	BLOCKED (307 to /login)	REFUSED (refusal in result)	REFUSED (threw)	REFUSED (threw)	no
ACTION-8F2CA578152D	⬜ NOT STARTED	app/(app)/wallet/actions.ts	sendMoneyAction	/home	BLOCKED (307 to /login)	REFUSED (refusal in result)	REFUSED (threw)	REFUSED (threw)	stale	app/(app)/wallet/actions.ts	BLOCKED (307 to /login)	REFUSED (refusal in result)	REFUSED (threw)	REFUSED (threw)	no
ACTION-432EA8AE6D79	🔄 IN PROGRESS	app/(app)/wallet/actions.ts	toggleAllowanceRuleAction	/home	BLOCKED (307 to /login)	REFUSED (refusal in result)	REFUSED (threw)	REFUSED (threw)	stale	app/(app)/wallet/actions.ts	BLOCKED (307 to /login)	REFUSED (refusal in result)	REFUSED (threw)	REFUSED (threw)	no
ACTION-EC8D89991D6B	⬜ NOT STARTED	app/(app)/wallet/hub-actions.ts	addAccountAction	/wallet	BLOCKED (307 to /login)	REFUSED (refusal in result)	REFUSED (threw)	REFUSED (threw)	current						
ACTION-D2385E96A93B	⬜ NOT STARTED	app/(app)/wallet/hub-actions.ts	addCardAction	/wallet	BLOCKED (307 to /login)	REFUSED (threw)	REFUSED (threw)	REFUSED (threw)	current						
ACTION-7CA10A51A8B8	⬜ NOT STARTED	app/(app)/wallet/hub-actions.ts	addPassAction	/wallet	BLOCKED (307 to /login)	REFUSED (threw)	REFUSED (threw)	REFUSED (threw)	current						
ACTION-5D3801997423	⬜ NOT STARTED	app/(app)/wallet/hub-actions.ts	addRewardAction	/wallet	BLOCKED (307 to /login)	REFUSED (threw)	REFUSED (threw)	REFUSED (threw)	current						
ACTION-2C2B60DC5F0C	⬜ NOT STARTED	app/(app)/wallet/hub-actions.ts	addTransactionAction	/wallet	BLOCKED (307 to /login)	REFUSED (refusal in result)	REFUSED (threw)	REFUSED (threw)	current						
ACTION-ABA3017332BE	🔄 IN PROGRESS	app/(app)/wallet/hub-actions.ts	deleteWalletRowAction	/wallet	BLOCKED (307 to /login)	REFUSED (threw)	REFUSED (threw)	REFUSED (threw)	current						
ACTION-142B5EB6AC00	⬜ NOT STARTED	app/(app)/wallet/invest/actions.ts	decideInvestOrderAction	/wallet/invest	BLOCKED (307 to /login)	REFUSED (refusal in result)	REFUSED (threw)	REFUSED (threw)	current						
ACTION-068676844C8C	⬜ NOT STARTED	app/(app)/wallet/invest/actions.ts	placeInvestOrderAction	/wallet/invest	BLOCKED (307 to /login)	REFUSED (threw)	REFUSED (threw)	REFUSED (threw)	current						
ACTION-BBDAE32AD14B	⬜ NOT STARTED	app/(auth)/actions.ts	childSignInAction	/join	REFUSED (refusal in result)	REFUSED (refusal in result)	REFUSED (refusal in result)	REFUSED (refusal in result)	current						
ACTION-E6AC69DF9AEB	⬜ NOT STARTED	app/(auth)/actions.ts	resolveLandingPathAction	/join	RETURNED (a value)	RETURNED (a value)	RETURNED (a value)	RETURNED (a value)	current						
ACTION-9FB724502062	⬜ NOT STARTED	app/(auth)/actions.ts	stitchIdentityAction	/join	RETURNED (nothing)	RETURNED (nothing)	RETURNED (nothing)	RETURNED (nothing)	current						
ACTION-6AED5815E8B4	⬜ NOT STARTED	app/(auth)/auth/complete/actions.ts	completeCallbackAction	/auth/complete	RETURNED (a value)	RETURNED (a value)	RETURNED (a value)	RETURNED (a value)	current						
ACTION-C837852680A0	no row (action postdates the register)	app/(auth)/auth/recovery/actions.ts	consumeRecoveryAction	/login	REFUSED (refusal in result)	REFUSED (refusal in result)	REFUSED (refusal in result)	REFUSED (refusal in result)	current						
ACTION-F52FD7C3A46F	no row (action postdates the register)	app/(auth)/auth/recovery/actions.ts	inspectRecoveryAction	/login	REFUSED (refusal in result)	REFUSED (refusal in result)	REFUSED (refusal in result)	REFUSED (refusal in result)	current						
ACTION-616ECD0B139E	no row (action postdates the register)	app/(auth)/auth/recovery/actions.ts	prepareRecoveryAction	/login	REFUSED (refusal in result)	REFUSED (refusal in result)	REFUSED (refusal in result)	REFUSED (refusal in result)	current						
ACTION-D9DE0BA020AA	no row (action postdates the register)	app/(auth)/auth/recovery/actions.ts	saveRecoveryAction	/login	RETURNED (a value)	RETURNED (a value)	RETURNED (a value)	RETURNED (a value)	current						
ACTION-A1C6EC63DB88	⬜ NOT STARTED	app/(auth)/signup/actions.ts	rememberReferralCodeAction	/signup	REFUSED (refusal in result)	REFUSED (refusal in result)	REFUSED (refusal in result)	REFUSED (refusal in result)	current						
ACTION-DF5E347562DF	⬜ NOT STARTED	app/gift/actions.ts	submitGiftPledgeAction	/gift/00000000-0000-4000-8000-00000000abcd	REFUSED (refusal in result)	REFUSED (refusal in result)	REFUSED (refusal in result)	REFUSED (refusal in result)	current						
ACTION-03BB5F5C118E	⬜ NOT STARTED	app/onboarding/actions.ts	finalizeOnboardingAction	/onboarding	BLOCKED (307 to /login)	REFUSED (refusal in result)	REFUSED (refusal in result)	REFUSED (refusal in result)	stale	lib/services/memory/index.ts; lib/vacations/dates.ts; 0460 subscriptions_tracked; 0463 family_messages	BLOCKED (307 to /login)	REFUSED (refusal in result)	REFUSED (refusal in result)	REFUSED (refusal in result)	no
ACTION-478E5E023D7F	⬜ NOT STARTED	app/onboarding/actions.ts	previewCalendarImportAction	/onboarding	BLOCKED (307 to /login)	REFUSED (refusal in result)	REFUSED (refusal in result)	REFUSED (refusal in result)	stale	lib/services/memory/index.ts; lib/vacations/dates.ts; 0460 subscriptions_tracked; 0463 family_messages	BLOCKED (307 to /login)	REFUSED (refusal in result)	REFUSED (refusal in result)	REFUSED (refusal in result)	no
ACTION-7FE88226F6DE	⬜ NOT STARTED	app/onboarding/actions.ts	resetOnboardingAction	/onboarding	BLOCKED (307 to /login)	RETURNED (a value)	RETURNED (a value)	RETURNED (a value)	stale	lib/services/memory/index.ts; lib/vacations/dates.ts; 0460 subscriptions_tracked; 0463 family_messages	BLOCKED (307 to /login)	RETURNED (a value)	RETURNED (a value)	RETURNED (a value)	no
ACTION-2C0D1DC16D66	⬜ NOT STARTED	app/onboarding/actions.ts	saveFamilyDetailsAction	/onboarding	BLOCKED (307 to /login)	REFUSED (refusal in result)	REFUSED (refusal in result)	REFUSED (refusal in result)	stale	lib/services/memory/index.ts; lib/vacations/dates.ts; 0460 subscriptions_tracked; 0463 family_messages	BLOCKED (307 to /login)	REFUSED (refusal in result)	REFUSED (refusal in result)	REFUSED (refusal in result)	no
ACTION-C61B927E5B2B	⬜ NOT STARTED	app/onboarding/calendar-actions.ts	previewConnectedCalendarAction	/onboarding	BLOCKED (307 to /login)	REFUSED (refusal in result)	REFUSED (refusal in result)	REFUSED (refusal in result)	current						
ACTION-AE6546C60714	⬜ NOT STARTED	app/onboarding/calendar-actions.ts	startCalendarConnectionAction	/onboarding	BLOCKED (307 to /login)	REFUSED (refusal in result)	REFUSED (refusal in result)	REFUSED (refusal in result)	current						
ACTION-B46855B1C594	⬜ NOT STARTED	app/reviews/new/actions.ts	submitReviewAction	/reviews/new	REFUSED (refusal in result)	REFUSED (refusal in result)	REFUSED (refusal in result)	REFUSED (refusal in result)	current						
ACTION-5B3957A71DC5	⬜ NOT STARTED	app/s/[slug]/actions.ts	submitResponseAction	/s/00000000-0000-4000-8000-00000000abcd	REFUSED (refusal in result)	REFUSED (refusal in result)	REFUSED (refusal in result)	REFUSED (refusal in result)	current						
ACTION-5DD3E2CD9411	⬜ NOT STARTED	lib/family/actions.ts	createFamilyRecord	/home	BLOCKED (307 to /login)	REFUSED (refusal in result)	REFUSED (refusal in result)	REFUSED (refusal in result)	stale	lib/services/memory/index.ts; lib/vacations/dates.ts; 0460 subscriptions_tracked; 0463 family_messages	BLOCKED (307 to /login)	REFUSED (refusal in result)	REFUSED (refusal in result)	REFUSED (refusal in result)	no
ACTION-AAA33C6778C3	⬜ NOT STARTED	lib/family/actions.ts	deleteFamilyRecord	/home	BLOCKED (307 to /login)	REFUSED (refusal in result)	REFUSED (refusal in result)	REFUSED (refusal in result)	stale	lib/services/memory/index.ts; lib/vacations/dates.ts; 0460 subscriptions_tracked; 0463 family_messages	BLOCKED (307 to /login)	REFUSED (refusal in result)	REFUSED (refusal in result)	REFUSED (refusal in result)	no
ACTION-8BB383A8C479	🔄 IN PROGRESS	lib/family/actions.ts	resolveAutomationRun	/home	BLOCKED (307 to /login)	REFUSED (refusal in result)	REFUSED (refusal in result)	REFUSED (refusal in result)	stale	lib/services/memory/index.ts; lib/vacations/dates.ts; 0460 subscriptions_tracked; 0463 family_messages	BLOCKED (307 to /login)	REFUSED (refusal in result)	REFUSED (refusal in result)	REFUSED (refusal in result)	no
ACTION-51DBA0529315	⬜ NOT STARTED	lib/family/actions.ts	setRecommendationStatus	/home	BLOCKED (307 to /login)	REFUSED (refusal in result)	REFUSED (refusal in result)	REFUSED (refusal in result)	stale	lib/services/memory/index.ts; lib/vacations/dates.ts; 0460 subscriptions_tracked; 0463 family_messages	BLOCKED (307 to /login)	REFUSED (refusal in result)	REFUSED (refusal in result)	REFUSED (refusal in result)	no
ACTION-F4CCD6A8E67A	⬜ NOT STARTED	lib/family/actions.ts	updateFamilyRecord	/home	BLOCKED (307 to /login)	REFUSED (refusal in result)	REFUSED (refusal in result)	REFUSED (refusal in result)	stale	lib/services/memory/index.ts; lib/vacations/dates.ts; 0460 subscriptions_tracked; 0463 family_messages	BLOCKED (307 to /login)	REFUSED (refusal in result)	REFUSED (refusal in result)	REFUSED (refusal in result)	no
ACTION-BA359E31039E	⬜ NOT STARTED	lib/i18n/actions.ts	setLocale	/onboarding	BLOCKED (307 to /login)	REFUSED (refusal in result)	REFUSED (refusal in result)	REFUSED (refusal in result)	current						
